:0200000460009A
:100000004643464200000156000000000103030081
:1000100000000000000000000000000000000000E0
:1000200000000000000000000000000000000000D0
:1000300000000000000000000000000000000000C0
:1000400000000000010408000000000000000000A3
:100050000000800000000000000000000000000020
:100060000000000000000000000000000000000090
:100070000000000000000000000000000000000080
:10008000EB04180A063204260000000000000000FD
:10009000050404240000000000000000000000002F
:1000A0000000000000000000000000000000000050
:1000B0000604000000000000000000000000000036
:1000C0000000000000000000000000000000000030
:1000D00020041808000000000000000000000000DC
:1000E0000000000000000000000000000000000010
:1000F0000000000000000000000000000000000000
:10010000D8041808000000000000000000000000F3
:100110000204180804200000000000000000000095
:1001200000000000000000000000000000000000CF
:10013000600400000000000000000000000000005B
:1001400000000000000000000000000000000000AF
:10015000000000000000000000000000000000009F
:10016000000000000000000000000000000000008F
:10017000000000000000000000000000000000007F
:10018000000000000000000000000000000000006F
:10019000000000000000000000000000000000005F
:1001A000000000000000000000000000000000004F
:1001B000000000000000000000000000000000003F
:1001C000000100000010000001000000000000001D
:1001D000000001000000000000000000000000001E
:1001E000000000000000000000000000000000000F
:1001F00000000000000000000000000000000000FF
:10020000FFFFFFFFFFFFFFFFFFFFFFFFFFFFFFFFFE
:10021000FFFFFFFFFFFFFFFFFFFFFFFFFFFFFFFFEE
:10022000FFFFFFFFFFFFFFFFFFFFFFFFFFFFFFFFDE
:10023000FFFFFFFFFFFFFFFFFFFFFFFFFFFFFFFFCE
:10024000FFFFFFFFFFFFFFFFFFFFFFFFFFFFFFFFBE
:10025000FFFFFFFFFFFFFFFFFFFFFFFFFFFFFFFFAE
:10026000FFFFFFFFFFFFFFFFFFFFFFFFFFFFFFFF9E
:10027000FFFFFFFFFFFFFFFFFFFFFFFFFFFFFFFF8E
:10028000FFFFFFFFFFFFFFFFFFFFFFFFFFFFFFFF7E
:10029000FFFFFFFFFFFFFFFFFFFFFFFFFFFFFFFF6E
:1002A000FFFFFFFFFFFFFFFFFFFFFFFFFFFFFFFF5E
:1002B000FFFFFFFFFFFFFFFFFFFFFFFFFFFFFFFF4E
:1002C000FFFFFFFFFFFFFFFFFFFFFFFFFFFFFFFF3E
:1002D000FFFFFFFFFFFFFFFFFFFFFFFFFFFFFFFF2E
:1002E000FFFFFFFFFFFFFFFFFFFFFFFFFFFFFFFF1E
:1002F000FFFFFFFFFFFFFFFFFFFFFFFFFFFFFFFF0E
:10030000FFFFFFFFFFFFFFFFFFFFFFFFFFFFFFFFFD
:10031000FFFFFFFFFFFFFFFFFFFFFFFFFFFFFFFFED
:10032000FFFFFFFFFFFFFFFFFFFFFFFFFFFFFFFFDD
:10033000FFFFFFFFFFFFFFFFFFFFFFFFFFFFFFFFCD
:10034000FFFFFFFFFFFFFFFFFFFFFFFFFFFFFFFFBD
:10035000FFFFFFFFFFFFFFFFFFFFFFFFFFFFFFFFAD
:10036000FFFFFFFFFFFFFFFFFFFFFFFFFFFFFFFF9D
:10037000FFFFFFFFFFFFFFFFFFFFFFFFFFFFFFFF8D
:10038000FFFFFFFFFFFFFFFFFFFFFFFFFFFFFFFF7D
:10039000FFFFFFFFFFFFFFFFFFFFFFFFFFFFFFFF6D
:1003A000FFFFFFFFFFFFFFFFFFFFFFFFFFFFFFFF5D
:1003B000FFFFFFFFFFFFFFFFFFFFFFFFFFFFFFFF4D
:1003C000FFFFFFFFFFFFFFFFFFFFFFFFFFFFFFFF3D
:1003D000FFFFFFFFFFFFFFFFFFFFFFFFFFFFFFFF2D
:1003E000FFFFFFFFFFFFFFFFFFFFFFFFFFFFFFFF1D
:1003F000FFFFFFFFFFFFFFFFFFFFFFFFFFFFFFFF0D
:10040000FFFFFFFFFFFFFFFFFFFFFFFFFFFFFFFFFC
:10041000FFFFFFFFFFFFFFFFFFFFFFFFFFFFFFFFEC
:10042000FFFFFFFFFFFFFFFFFFFFFFFFFFFFFFFFDC
:10043000FFFFFFFFFFFFFFFFFFFFFFFFFFFFFFFFCC
:10044000FFFFFFFFFFFFFFFFFFFFFFFFFFFFFFFFBC
:10045000FFFFFFFFFFFFFFFFFFFFFFFFFFFFFFFFAC
:10046000FFFFFFFFFFFFFFFFFFFFFFFFFFFFFFFF9C
:10047000FFFFFFFFFFFFFFFFFFFFFFFFFFFFFFFF8C
:10048000FFFFFFFFFFFFFFFFFFFFFFFFFFFFFFFF7C
:10049000FFFFFFFFFFFFFFFFFFFFFFFFFFFFFFFF6C
:1004A000FFFFFFFFFFFFFFFFFFFFFFFFFFFFFFFF5C
:1004B000FFFFFFFFFFFFFFFFFFFFFFFFFFFFFFFF4C
:1004C000FFFFFFFFFFFFFFFFFFFFFFFFFFFFFFFF3C
:1004D000FFFFFFFFFFFFFFFFFFFFFFFFFFFFFFFF2C
:1004E000FFFFFFFFFFFFFFFFFFFFFFFFFFFFFFFF1C
:1004F000FFFFFFFFFFFFFFFFFFFFFFFFFFFFFFFF0C
:10050000FFFFFFFFFFFFFFFFFFFFFFFFFFFFFFFFFB
:10051000FFFFFFFFFFFFFFFFFFFFFFFFFFFFFFFFEB
:10052000FFFFFFFFFFFFFFFFFFFFFFFFFFFFFFFFDB
:10053000FFFFFFFFFFFFFFFFFFFFFFFFFFFFFFFFCB
:10054000FFFFFFFFFFFFFFFFFFFFFFFFFFFFFFFFBB
:10055000FFFFFFFFFFFFFFFFFFFFFFFFFFFFFFFFAB
:10056000FFFFFFFFFFFFFFFFFFFFFFFFFFFFFFFF9B
:10057000FFFFFFFFFFFFFFFFFFFFFFFFFFFFFFFF8B
:10058000FFFFFFFFFFFFFFFFFFFFFFFFFFFFFFFF7B
:10059000FFFFFFFFFFFFFFFFFFFFFFFFFFFFFFFF6B
:1005A000FFFFFFFFFFFFFFFFFFFFFFFFFFFFFFFF5B
:1005B000FFFFFFFFFFFFFFFFFFFFFFFFFFFFFFFF4B
:1005C000FFFFFFFFFFFFFFFFFFFFFFFFFFFFFFFF3B
:1005D000FFFFFFFFFFFFFFFFFFFFFFFFFFFFFFFF2B
:1005E000FFFFFFFFFFFFFFFFFFFFFFFFFFFFFFFF1B
:1005F000FFFFFFFFFFFFFFFFFFFFFFFFFFFFFFFF0B
:10060000FFFFFFFFFFFFFFFFFFFFFFFFFFFFFFFFFA
:10061000FFFFFFFFFFFFFFFFFFFFFFFFFFFFFFFFEA
:10062000FFFFFFFFFFFFFFFFFFFFFFFFFFFFFFFFDA
:10063000FFFFFFFFFFFFFFFFFFFFFFFFFFFFFFFFCA
:10064000FFFFFFFFFFFFFFFFFFFFFFFFFFFFFFFFBA
:10065000FFFFFFFFFFFFFFFFFFFFFFFFFFFFFFFFAA
:10066000FFFFFFFFFFFFFFFFFFFFFFFFFFFFFFFF9A
:10067000FFFFFFFFFFFFFFFFFFFFFFFFFFFFFFFF8A
:10068000FFFFFFFFFFFFFFFFFFFFFFFFFFFFFFFF7A
:10069000FFFFFFFFFFFFFFFFFFFFFFFFFFFFFFFF6A
:1006A000FFFFFFFFFFFFFFFFFFFFFFFFFFFFFFFF5A
:1006B000FFFFFFFFFFFFFFFFFFFFFFFFFFFFFFFF4A
:1006C000FFFFFFFFFFFFFFFFFFFFFFFFFFFFFFFF3A
:1006D000FFFFFFFFFFFFFFFFFFFFFFFFFFFFFFFF2A
:1006E000FFFFFFFFFFFFFFFFFFFFFFFFFFFFFFFF1A
:1006F000FFFFFFFFFFFFFFFFFFFFFFFFFFFFFFFF0A
:10070000FFFFFFFFFFFFFFFFFFFFFFFFFFFFFFFFF9
:10071000FFFFFFFFFFFFFFFFFFFFFFFFFFFFFFFFE9
:10072000FFFFFFFFFFFFFFFFFFFFFFFFFFFFFFFFD9
:10073000FFFFFFFFFFFFFFFFFFFFFFFFFFFFFFFFC9
:10074000FFFFFFFFFFFFFFFFFFFFFFFFFFFFFFFFB9
:10075000FFFFFFFFFFFFFFFFFFFFFFFFFFFFFFFFA9
:10076000FFFFFFFFFFFFFFFFFFFFFFFFFFFFFFFF99
:10077000FFFFFFFFFFFFFFFFFFFFFFFFFFFFFFFF89
:10078000FFFFFFFFFFFFFFFFFFFFFFFFFFFFFFFF79
:10079000FFFFFFFFFFFFFFFFFFFFFFFFFFFFFFFF69
:1007A000FFFFFFFFFFFFFFFFFFFFFFFFFFFFFFFF59
:1007B000FFFFFFFFFFFFFFFFFFFFFFFFFFFFFFFF49
:1007C000FFFFFFFFFFFFFFFFFFFFFFFFFFFFFFFF39
:1007D000FFFFFFFFFFFFFFFFFFFFFFFFFFFFFFFF29
:1007E000FFFFFFFFFFFFFFFFFFFFFFFFFFFFFFFF19
:1007F000FFFFFFFFFFFFFFFFFFFFFFFFFFFFFFFF09
:10080000FFFFFFFFFFFFFFFFFFFFFFFFFFFFFFFFF8
:10081000FFFFFFFFFFFFFFFFFFFFFFFFFFFFFFFFE8
:10082000FFFFFFFFFFFFFFFFFFFFFFFFFFFFFFFFD8
:10083000FFFFFFFFFFFFFFFFFFFFFFFFFFFFFFFFC8
:10084000FFFFFFFFFFFFFFFFFFFFFFFFFFFFFFFFB8
:10085000FFFFFFFFFFFFFFFFFFFFFFFFFFFFFFFFA8
:10086000FFFFFFFFFFFFFFFFFFFFFFFFFFFFFFFF98
:10087000FFFFFFFFFFFFFFFFFFFFFFFFFFFFFFFF88
:10088000FFFFFFFFFFFFFFFFFFFFFFFFFFFFFFFF78
:10089000FFFFFFFFFFFFFFFFFFFFFFFFFFFFFFFF68
:1008A000FFFFFFFFFFFFFFFFFFFFFFFFFFFFFFFF58
:1008B000FFFFFFFFFFFFFFFFFFFFFFFFFFFFFFFF48
:1008C000FFFFFFFFFFFFFFFFFFFFFFFFFFFFFFFF38
:1008D000FFFFFFFFFFFFFFFFFFFFFFFFFFFFFFFF28
:1008E000FFFFFFFFFFFFFFFFFFFFFFFFFFFFFFFF18
:1008F000FFFFFFFFFFFFFFFFFFFFFFFFFFFFFFFF08
:10090000FFFFFFFFFFFFFFFFFFFFFFFFFFFFFFFFF7
:10091000FFFFFFFFFFFFFFFFFFFFFFFFFFFFFFFFE7
:10092000FFFFFFFFFFFFFFFFFFFFFFFFFFFFFFFFD7
:10093000FFFFFFFFFFFFFFFFFFFFFFFFFFFFFFFFC7
:10094000FFFFFFFFFFFFFFFFFFFFFFFFFFFFFFFFB7
:10095000FFFFFFFFFFFFFFFFFFFFFFFFFFFFFFFFA7
:10096000FFFFFFFFFFFFFFFFFFFFFFFFFFFFFFFF97
:10097000FFFFFFFFFFFFFFFFFFFFFFFFFFFFFFFF87
:10098000FFFFFFFFFFFFFFFFFFFFFFFFFFFFFFFF77
:10099000FFFFFFFFFFFFFFFFFFFFFFFFFFFFFFFF67
:1009A000FFFFFFFFFFFFFFFFFFFFFFFFFFFFFFFF57
:1009B000FFFFFFFFFFFFFFFFFFFFFFFFFFFFFFFF47
:1009C000FFFFFFFFFFFFFFFFFFFFFFFFFFFFFFFF37
:1009D000FFFFFFFFFFFFFFFFFFFFFFFFFFFFFFFF27
:1009E000FFFFFFFFFFFFFFFFFFFFFFFFFFFFFFFF17
:1009F000FFFFFFFFFFFFFFFFFFFFFFFFFFFFFFFF07
:100A0000FFFFFFFFFFFFFFFFFFFFFFFFFFFFFFFFF6
:100A1000FFFFFFFFFFFFFFFFFFFFFFFFFFFFFFFFE6
:100A2000FFFFFFFFFFFFFFFFFFFFFFFFFFFFFFFFD6
:100A3000FFFFFFFFFFFFFFFFFFFFFFFFFFFFFFFFC6
:100A4000FFFFFFFFFFFFFFFFFFFFFFFFFFFFFFFFB6
:100A5000FFFFFFFFFFFFFFFFFFFFFFFFFFFFFFFFA6
:100A6000FFFFFFFFFFFFFFFFFFFFFFFFFFFFFFFF96
:100A7000FFFFFFFFFFFFFFFFFFFFFFFFFFFFFFFF86
:100A8000FFFFFFFFFFFFFFFFFFFFFFFFFFFFFFFF76
:100A9000FFFFFFFFFFFFFFFFFFFFFFFFFFFFFFFF66
:100AA000FFFFFFFFFFFFFFFFFFFFFFFFFFFFFFFF56
:100AB000FFFFFFFFFFFFFFFFFFFFFFFFFFFFFFFF46
:100AC000FFFFFFFFFFFFFFFFFFFFFFFFFFFFFFFF36
:100AD000FFFFFFFFFFFFFFFFFFFFFFFFFFFFFFFF26
:100AE000FFFFFFFFFFFFFFFFFFFFFFFFFFFFFFFF16
:100AF000FFFFFFFFFFFFFFFFFFFFFFFFFFFFFFFF06
:100B0000FFFFFFFFFFFFFFFFFFFFFFFFFFFFFFFFF5
:100B1000FFFFFFFFFFFFFFFFFFFFFFFFFFFFFFFFE5
:100B2000FFFFFFFFFFFFFFFFFFFFFFFFFFFFFFFFD5
:100B3000FFFFFFFFFFFFFFFFFFFFFFFFFFFFFFFFC5
:100B4000FFFFFFFFFFFFFFFFFFFFFFFFFFFFFFFFB5
:100B5000FFFFFFFFFFFFFFFFFFFFFFFFFFFFFFFFA5
:100B6000FFFFFFFFFFFFFFFFFFFFFFFFFFFFFFFF95
:100B7000FFFFFFFFFFFFFFFFFFFFFFFFFFFFFFFF85
:100B8000FFFFFFFFFFFFFFFFFFFFFFFFFFFFFFFF75
:100B9000FFFFFFFFFFFFFFFFFFFFFFFFFFFFFFFF65
:100BA000FFFFFFFFFFFFFFFFFFFFFFFFFFFFFFFF55
:100BB000FFFFFFFFFFFFFFFFFFFFFFFFFFFFFFFF45
:100BC000FFFFFFFFFFFFFFFFFFFFFFFFFFFFFFFF35
:100BD000FFFFFFFFFFFFFFFFFFFFFFFFFFFFFFFF25
:100BE000FFFFFFFFFFFFFFFFFFFFFFFFFFFFFFFF15
:100BF000FFFFFFFFFFFFFFFFFFFFFFFFFFFFFFFF05
:100C0000FFFFFFFFFFFFFFFFFFFFFFFFFFFFFFFFF4
:100C1000FFFFFFFFFFFFFFFFFFFFFFFFFFFFFFFFE4
:100C2000FFFFFFFFFFFFFFFFFFFFFFFFFFFFFFFFD4
:100C3000FFFFFFFFFFFFFFFFFFFFFFFFFFFFFFFFC4
:100C4000FFFFFFFFFFFFFFFFFFFFFFFFFFFFFFFFB4
:100C5000FFFFFFFFFFFFFFFFFFFFFFFFFFFFFFFFA4
:100C6000FFFFFFFFFFFFFFFFFFFFFFFFFFFFFFFF94
:100C7000FFFFFFFFFFFFFFFFFFFFFFFFFFFFFFFF84
:100C8000FFFFFFFFFFFFFFFFFFFFFFFFFFFFFFFF74
:100C9000FFFFFFFFFFFFFFFFFFFFFFFFFFFFFFFF64
:100CA000FFFFFFFFFFFFFFFFFFFFFFFFFFFFFFFF54
:100CB000FFFFFFFFFFFFFFFFFFFFFFFFFFFFFFFF44
:100CC000FFFFFFFFFFFFFFFFFFFFFFFFFFFFFFFF34
:100CD000FFFFFFFFFFFFFFFFFFFFFFFFFFFFFFFF24
:100CE000FFFFFFFFFFFFFFFFFFFFFFFFFFFFFFFF14
:100CF000FFFFFFFFFFFFFFFFFFFFFFFFFFFFFFFF04
:100D0000FFFFFFFFFFFFFFFFFFFFFFFFFFFFFFFFF3
:100D1000FFFFFFFFFFFFFFFFFFFFFFFFFFFFFFFFE3
:100D2000FFFFFFFFFFFFFFFFFFFFFFFFFFFFFFFFD3
:100D3000FFFFFFFFFFFFFFFFFFFFFFFFFFFFFFFFC3
:100D4000FFFFFFFFFFFFFFFFFFFFFFFFFFFFFFFFB3
:100D5000FFFFFFFFFFFFFFFFFFFFFFFFFFFFFFFFA3
:100D6000FFFFFFFFFFFFFFFFFFFFFFFFFFFFFFFF93
:100D7000FFFFFFFFFFFFFFFFFFFFFFFFFFFFFFFF83
:100D8000FFFFFFFFFFFFFFFFFFFFFFFFFFFFFFFF73
:100D9000FFFFFFFFFFFFFFFFFFFFFFFFFFFFFFFF63
:100DA000FFFFFFFFFFFFFFFFFFFFFFFFFFFFFFFF53
:100DB000FFFFFFFFFFFFFFFFFFFFFFFFFFFFFFFF43
:100DC000FFFFFFFFFFFFFFFFFFFFFFFFFFFFFFFF33
:100DD000FFFFFFFFFFFFFFFFFFFFFFFFFFFFFFFF23
:100DE000FFFFFFFFFFFFFFFFFFFFFFFFFFFFFFFF13
:100DF000FFFFFFFFFFFFFFFFFFFFFFFFFFFFFFFF03
:100E0000FFFFFFFFFFFFFFFFFFFFFFFFFFFFFFFFF2
:100E1000FFFFFFFFFFFFFFFFFFFFFFFFFFFFFFFFE2
:100E2000FFFFFFFFFFFFFFFFFFFFFFFFFFFFFFFFD2
:100E3000FFFFFFFFFFFFFFFFFFFFFFFFFFFFFFFFC2
:100E4000FFFFFFFFFFFFFFFFFFFFFFFFFFFFFFFFB2
:100E5000FFFFFFFFFFFFFFFFFFFFFFFFFFFFFFFFA2
:100E6000FFFFFFFFFFFFFFFFFFFFFFFFFFFFFFFF92
:100E7000FFFFFFFFFFFFFFFFFFFFFFFFFFFFFFFF82
:100E8000FFFFFFFFFFFFFFFFFFFFFFFFFFFFFFFF72
:100E9000FFFFFFFFFFFFFFFFFFFFFFFFFFFFFFFF62
:100EA000FFFFFFFFFFFFFFFFFFFFFFFFFFFFFFFF52
:100EB000FFFFFFFFFFFFFFFFFFFFFFFFFFFFFFFF42
:100EC000FFFFFFFFFFFFFFFFFFFFFFFFFFFFFFFF32
:100ED000FFFFFFFFFFFFFFFFFFFFFFFFFFFFFFFF22
:100EE000FFFFFFFFFFFFFFFFFFFFFFFFFFFFFFFF12
:100EF000FFFFFFFFFFFFFFFFFFFFFFFFFFFFFFFF02
:100F0000FFFFFFFFFFFFFFFFFFFFFFFFFFFFFFFFF1
:100F1000FFFFFFFFFFFFFFFFFFFFFFFFFFFFFFFFE1
:100F2000FFFFFFFFFFFFFFFFFFFFFFFFFFFFFFFFD1
:100F3000FFFFFFFFFFFFFFFFFFFFFFFFFFFFFFFFC1
:100F4000FFFFFFFFFFFFFFFFFFFFFFFFFFFFFFFFB1
:100F5000FFFFFFFFFFFFFFFFFFFFFFFFFFFFFFFFA1
:100F6000FFFFFFFFFFFFFFFFFFFFFFFFFFFFFFFF91
:100F7000FFFFFFFFFFFFFFFFFFFFFFFFFFFFFFFF81
:100F8000FFFFFFFFFFFFFFFFFFFFFFFFFFFFFFFF71
:100F9000FFFFFFFFFFFFFFFFFFFFFFFFFFFFFFFF61
:100FA000FFFFFFFFFFFFFFFFFFFFFFFFFFFFFFFF51
:100FB000FFFFFFFFFFFFFFFFFFFFFFFFFFFFFFFF41
:100FC000FFFFFFFFFFFFFFFFFFFFFFFFFFFFFFFF31
:100FD000FFFFFFFFFFFFFFFFFFFFFFFFFFFFFFFF21
:100FE000FFFFFFFFFFFFFFFFFFFFFFFFFFFFFFFF11
:100FF000FFFFFFFFFFFFFFFFFFFFFFFFFFFFFFFF01
:10100000D10020432914006000000000000000000F
:1010100020100060001000600088006000000000E8
:10102000000000600094000000000000FFFFFFFFD0
:10103000FFFFFFFFFFFFFFFFFFFFFFFFFFFFFFFFC0
:10104000FFFFFFFFFFFFFFFFFFFFFFFFFFFFFFFFB0
:10105000FFFFFFFFFFFFFFFFFFFFFFFFFFFFFFFFA0
:10106000FFFFFFFFFFFFFFFFFFFFFFFFFFFFFFFF90
:10107000FFFFFFFFFFFFFFFFFFFFFFFFFFFFFFFF80
:10108000FFFFFFFFFFFFFFFFFFFFFFFFFFFFFFFF70
:10109000FFFFFFFFFFFFFFFFFFFFFFFFFFFFFFFF60
:1010A000FFFFFFFFFFFFFFFFFFFFFFFFFFFFFFFF50
:1010B000FFFFFFFFFFFFFFFFFFFFFFFFFFFFFFFF40
:1010C000FFFFFFFFFFFFFFFFFFFFFFFFFFFFFFFF30
:1010D000FFFFFFFFFFFFFFFFFFFFFFFFFFFFFFFF20
:1010E000FFFFFFFFFFFFFFFFFFFFFFFFFFFFFFFF10
:1010F000FFFFFFFFFFFFFFFFFFFFFFFFFFFFFFFF00
:10110000FFFFFFFFFFFFFFFFFFFFFFFFFFFFFFFFEF
:10111000FFFFFFFFFFFFFFFFFFFFFFFFFFFFFFFFDF
:10112000FFFFFFFFFFFFFFFFFFFFFFFFFFFFFFFFCF
:10113000FFFFFFFFFFFFFFFFFFFFFFFFFFFFFFFFBF
:10114000FFFFFFFFFFFFFFFFFFFFFFFFFFFFFFFFAF
:10115000FFFFFFFFFFFFFFFFFFFFFFFFFFFFFFFF9F
:10116000FFFFFFFFFFFFFFFFFFFFFFFFFFFFFFFF8F
:10117000FFFFFFFFFFFFFFFFFFFFFFFFFFFFFFFF7F
:10118000FFFFFFFFFFFFFFFFFFFFFFFFFFFFFFFF6F
:10119000FFFFFFFFFFFFFFFFFFFFFFFFFFFFFFFF5F
:1011A000FFFFFFFFFFFFFFFFFFFFFFFFFFFFFFFF4F
:1011B000FFFFFFFFFFFFFFFFFFFFFFFFFFFFFFFF3F
:1011C000FFFFFFFFFFFFFFFFFFFFFFFFFFFFFFFF2F
:1011D000FFFFFFFFFFFFFFFFFFFFFFFFFFFFFFFF1F
:1011E000FFFFFFFFFFFFFFFFFFFFFFFFFFFFFFFF0F
:1011F000FFFFFFFFFFFFFFFFFFFFFFFFFFFFFFFFFF
:10120000FFFFFFFFFFFFFFFFFFFFFFFFFFFFFFFFEE
:10121000FFFFFFFFFFFFFFFFFFFFFFFFFFFFFFFFDE
:10122000FFFFFFFFFFFFFFFFFFFFFFFFFFFFFFFFCE
:10123000FFFFFFFFFFFFFFFFFFFFFFFFFFFFFFFFBE
:10124000FFFFFFFFFFFFFFFFFFFFFFFFFFFFFFFFAE
:10125000FFFFFFFFFFFFFFFFFFFFFFFFFFFFFFFF9E
:10126000FFFFFFFFFFFFFFFFFFFFFFFFFFFFFFFF8E
:10127000FFFFFFFFFFFFFFFFFFFFFFFFFFFFFFFF7E
:10128000FFFFFFFFFFFFFFFFFFFFFFFFFFFFFFFF6E
:10129000FFFFFFFFFFFFFFFFFFFFFFFFFFFFFFFF5E
:1012A000FFFFFFFFFFFFFFFFFFFFFFFFFFFFFFFF4E
:1012B000FFFFFFFFFFFFFFFFFFFFFFFFFFFFFFFF3E
:1012C000FFFFFFFFFFFFFFFFFFFFFFFFFFFFFFFF2E
:1012D000FFFFFFFFFFFFFFFFFFFFFFFFFFFFFFFF1E
:1012E000FFFFFFFFFFFFFFFFFFFFFFFFFFFFFFFF0E
:1012F000FFFFFFFFFFFFFFFFFFFFFFFFFFFFFFFFFE
:10130000FFFFFFFFFFFFFFFFFFFFFFFFFFFFFFFFED
:10131000FFFFFFFFFFFFFFFFFFFFFFFFFFFFFFFFDD
:10132000FFFFFFFFFFFFFFFFFFFFFFFFFFFFFFFFCD
:10133000FFFFFFFFFFFFFFFFFFFFFFFFFFFFFFFFBD
:10134000FFFFFFFFFFFFFFFFFFFFFFFFFFFFFFFFAD
:10135000FFFFFFFFFFFFFFFFFFFFFFFFFFFFFFFF9D
:10136000FFFFFFFFFFFFFFFFFFFFFFFFFFFFFFFF8D
:10137000FFFFFFFFFFFFFFFFFFFFFFFFFFFFFFFF7D
:10138000FFFFFFFFFFFFFFFFFFFFFFFFFFFFFFFF6D
:10139000FFFFFFFFFFFFFFFFFFFFFFFFFFFFFFFF5D
:1013A000FFFFFFFFFFFFFFFFFFFFFFFFFFFFFFFF4D
:1013B000FFFFFFFFFFFFFFFFFFFFFFFFFFFFFFFF3D
:1013C000FFFFFFFFFFFFFFFFFFFFFFFFFFFFFFFF2D
:1013D000FFFFFFFFFFFFFFFFFFFFFFFFFFFFFFFF1D
:1013E000FFFFFFFFFFFFFFFFFFFFFFFFFFFFFFFF0D
:1013F000FFFFFFFFFFFFFFFFFFFFFFFFFFFFFFFFFD
:10140000884207D0904205D251F8043B40F8043B93
:101410008242F9D8704700BF884204D2002340F8C6
:10142000043B8142FBD87047664B4FF42A01664A61
:1014300066482DE9F0475A641864654A99639546F1
:10144000BFF34F8FBFF36F8F00F0C8F9614B0820D7
:10145000614A6249C3F854016148FFF7D1FF614A0C
:1014600061496248FFF7CCFF61496248FFF7D4FF4A
:10147000614C62494FF470000023614A086044F8EF
:1014800023200133B02BFAD15E4B80215E4A03F852
:10149000011B9342FBD14F4D4FF080385B494FF019
:1014A000FF325B4B0026DFF8A4A1DFF8A4911C609B
:1014B000C5F80481C5F800A1C5F8F480C5F8F0901E
:1014C0000B68544F43F4E0230B60FB693D4923F064
:1014D0007F0343F04003FB617B6A23F07F0343F00B
:1014E00040037B628A66CA660A674A6700F07CF935
:1014F000494A4A4B6320A2630321E363484A494BAC
:10150000106000F160401E6042F8041C00F6A170FB
:101510004549464AC3F8082D0B68454A43F0807395
:101520000B601368434943F00103136003680B60C9
:1015300000F0AAFBC5F804813F48C5F800A1C5F832
:10154000F480C5F8F09000F043FDF96E3B4A41F499
:1015500040513B4BF9661660C2F80861C2F8186149
:10156000C2F82861C2F838619A6BD20708D442F6F3
:101570001562344959651A659A6B42F001029A6303
:101580002F4A314C936843F00113936000F09EF9A9
:1015900000F0F8F800F018FD00F0A8FB00F020F9CA
:1015A0002368132BFCD900F02FFC2368B3F5967F3A
:1015B000FBD300F017F900F013FD00F01DFD30BF64
:1015C000FDE700BF00C00A40ABAAAAAA070020009E
:1015D0000080072000800D40B85100005C240060AE
:1015E000000000005C0E0020187600600000002063
:1015F000C04300205C0E00200020002088ED00E0A9
:10160000F127000000E400E0A0E400E024ED00E0A9
:1016100008ED00E000C00F40953F0000993F00003A
:1016200014E000E018E000E0FCED00E00000202005
:10163000001000E0541200200046C3230040084080
:1016400000400D400000C0565C1200201B10182006
:101650000C0D111310B41BB9134B1B6F9B0420D43A
:1016600000F03F00104B22F0604221F0604140F456
:1016700089101C461867C3F88010C3F890201A6FB1
:1016800022F480521A67236F074A002BFBDAD2F844
:101690007011064B0B40C2F87031136F23F4803386
:1016A00013675DF8044B704700800D40FF7F7FFF9C
:1016B0002DE9F0412F4F002542690124B96B4FF00D
:1016C000020E16684FF4303821F47C010369DFF80C
:1016D000B0C041F48021B963316857683943316043
:1016E0004FF00111244EC3F810E01D61C3F848C04B
:1016F0005C629E624FF66106C3F82C809F6C1F658A
:101700001D6299651C61017E1C4B02EB0111097A77
:1017100003EB011189680E60017E02EB01110C7A66
:10172000CD6803EB041149680D60017E02EB0111E5
:101730000C690CB149692160417E4FF6610402EBEE
:10174000011191F8281003EB011189680C60417EAA
:1017500002EB011191F82840C96A03EB04135B689E
:101760001960437E02EB0312136B0BB1526B1A60CC
:10177000BDE8F08100C00F40B80B0505280100202E
:101780003B372819114B1249D86E0A4640F44030B5
:1017900030B4D86640F23765D86EA02440F440706B
:1017A000D8664D648C64936C1B06FCD4094B40F2E4
:1017B0003760A0211A4658649964936C13F0800333
:1017C000FBD1054A137030BC704700BF00C00F400A
:1017D00000400C4000800C4051120020704700BFB8
:1017E000704700BF704700BFF0B5244A0020244B6B
:1017F0004FF0100C234C1126DFF8C8E012272060B0
:101800000125C2F800C0C3F800E01660DFF8B8E0B8
:101810001D4EC3F800E01D4917601E6041F0150120
:101820001B4F1C4E17601E601B4F1C4E17601E6026
:101830001B4F11601B4E1C491F6016601B4F196027
:101840001B4E1C4917601E601B4F11601B4E1C492C
:101850001F60166019602560BFF34F8FBFF36F8F55
:10186000C3F8B001BFF34F8FBFF36F8F52F8883CBE
:1018700043F4403342F8883CF0BD00BF9CED00E0EB
:10188000A0ED00E094ED00E009001000C04300204E
:101890001300200021000207140000202500081377
:1018A000090000101600202027000B13170000402D
:1018B00033001013180000602F000B071900007090
:1018C0002F000B133F00001025000803F0B58D4BCF
:1018D00018228D4E01208D4948F20C7E8C4D4FF020
:1018E000FF378C4C83B0C3F85C12C3F860520025FC
:1018F000C3F86412C3F868424FF40054C3F86C6232
:101900008549C3F87062C3F87462C3F87862834E85
:10191000DA661A675A679A67DA67C3F88020C3F8ED
:101920008420C3F8882040F20562C1F82C03C1F876
:101930003003C1F83403C1F83803C1F83C03C1F8DF
:1019400050032946B36976481840764B03437648DE
:10195000B361D6F8843043F00C03C6F88430022615
:10196000036833430360036803EA0E0E6F4B4EEACD
:101970000303DFF8F0E103606D4B4760DEF80870A9
:101980003B406C4F43F000538360C36823F07803FF
:10199000C360036A1F40684B3B43664F0362036AA0
:1019A0001F40654B3B43654F43628762C762DEF869
:1019B000B830634F23F03F0343F00103C0F8B83061
:1019C000DEF8BC30DFF884E123F03F0343F001038D
:1019D000C0F8BC30056104660767C0F88020446623
:1019E0004767C0F884200468564B24F00204564A26
:1019F0000460C0F818E0C66143F8041B9342FBD1B1
:101A0000494B1A68194642F001021A600B68464AAF
:101A100013F00103FAD14D4E022540F2F56440F275
:101A2000664040F299414A4F966142F20146D561C3
:101A300040F23545C2F8004242F20124C2F81002D9
:101A40000120C2F820121146C2F8307207F15A473D
:101A5000C2F8346207F51377C2F840523D4E3E4D4E
:101A6000C2F85072C2F85462C2F86052C2F86442BE
:101A7000C2F8A030C2F8A430C2F8B0004B692A4ABC
:101A8000DD07FBD5012300244FF48030114653615C
:101A9000C2F8A040C2F8A400C2F8B0304B69224A94
:101AA000DC07FBD5012300244FF4003011465361BD
:101AB000C2F8A040C2F8A400C2F8B0304B691A4A7C
:101AC000D807FBD501230024244811465361C2F8EE
:101AD000A040C2F8A400C2F8B0304B69124ADB073C
:101AE000FBD5D2F8003145F60D5121209BB2506153
:101AF0008B4239D01A4B00221A605A609A60DA6021
:101B000003B0F0BD00801F40F9700100F9B0010082
:101B1000F9100100F900010000841F4000C00F40CF
:101B2000FFFCFF1F000300A000402A401200FFFF3F
:101B3000FF37F70000FFF07C40000080FF000F83BC
:101B40006300020000422A4000432A40F05AF05A43
:101B50009F041830063201263806180A04000300D4
:101B6000001C002000802A4000244FF48020012324
:101B70001146C2F8A040C2F8A400C2F8B0304B69C8
:101B80003B4ADF07FBD501234FF400040020114638
:101B90005361C2F8A040C2F8A400C2F8B0304B694B
:101BA000334ADE07FBD501234FF400044FF48030A5
:101BB00011465361C2F8A040C2F8A400C2F8B03088
:101BC0004B692B4ADD07FBD501234FF400044FF48A
:101BD000003011465361C2F8A040C2F8A400C2F818
:101BE000B0304B69224ADC07FBD501234FF40004D7
:101BF000204811465361C2F8A040C2F8A400C2F8C0
:101C0000B0304B691A4AD807FBD5D2F8003145F6F7
:101C10000D5121209BB250618B4210D0164B0822EF
:101C20004FF400041A7015490020154A0123009052
:101C3000521A1448224400F0DBF903B0F0BD4FF40F
:101C400000044FF4802101231046C2F8A040C2F8DE
:101C5000A410C2F8B03043690549DB07FBD5012069
:101C6000054B10224FF0807448611A70DBE700BF0B
:101C700000402A40040003006012002000000070B1
:101C800000000070001C0020F0B4174A40274FF4F9
:101C900080314FF480564FF400554FF4404443F2E6
:101CA0004200136913F0020F06D0946151619061F4
:101CB000136913F0020FF8D113F4005F01D15561DD
:101CC000EFE713F4805F01D15661EAE7002BE8DA11
:101CD00013F4803F01D09161E3E75B0601D45761C3
:101CE000DFE7F0BC704700BF00800D40394A032099
:101CF0003949F3EE095A13689FED386A23F001035E
:101D0000DFED376AF0B4136000241061D1F8E030E1
:101D1000344FD8B2C3F30B211B0D334E07EE100A1C
:101D200005EE101A07EE903A304BB8EEC55A304D1A
:101D3000B8EEC77A3060F8EEE77A29602D4937EEC1
:101D4000466A2D4E77EEC57A2C4877EE666A2C4DA2
:101D500037EE657A26EE276AC7ED007A66EEA76A47
:101D6000176867EE277A83ED007AC6EE075A86EE8B
:101D7000876AC7EE876A35EE857AFCEEC77A36EE5B
:101D8000057A17EE903ABCEEC77A47EA035376EE2F
:101D9000857A136017EE103AD2F81071FCEEE77AEC
:101DA00001EA0341394317EE903AC2F81011C3F328
:101DB0000B03D2F810110B43C2F81031136843F033
:101DC000020313603470C0F840510E4B0122F0BC86
:101DD0001A60704780810D4000441F400000AA42F5
:101DE0000000B4426C12002064120020681200202F
:101DF000701200200000FF0F40E400E000200020EF
:101E0000B529000008E100E0304B40F6617270B582
:101E1000C3F8202140F2044500F0F2F82C492D4887
:101E2000D1F880202C4C42F003022C4BC1F88020CA
:101E3000C0F86051226813401BB9D0F8A8319A0746
:101E40001AD0244B4FF00041234A51631A46D3F86D
:101E5000401141F00201C3F84011D2F840319B0714
:101E6000FBD44FF400301E491B4B4FF0004208607A
:101E700019209A6300F0B8F81A4D0022164B4FF063
:101E80008041144C0A26996328461A601146C4F80A
:101E9000A8614FF4607200F09FF84FF4810640F2A1
:101EA00043114FF48000104B104A2E602864C4F890
:101EB0005851C4F84811C3F804220D4A4FF40031B8
:101EC00001231160C4F8403170BD00BF00800D4097
:101ED00000C00F4000002E4000900D40001C1E006E
:101EE0008CE200E00040002000200020092C0000CF
:101EF0000CE100E008B50E4B1B6E9B0700D4FBBE47
:101F000072B60C4B00200C4AC3F8400103F1604349
:101F10000A49A3F55F2311649D46BFF34F8F084A1A
:101F200003F5E0430749126818461960936898471B
:101F300000441F4000002E4000C00A400300200063
:101F40001C002000000012EBB1F5607FF0B428BF48
:101F50004FF4607172B60025134B144F144E2C468B
:101F600003F170023860358043F8044F9342FBD18F
:101F7000B9B100230F4E01275D0903F01F0401339F
:101F800056F8252007FA04F48B4242EA040246F888
:101F90002520F1D100234380013300F582708B426C
:101FA000F9D162B6F0BC7047041600207816002004
:101FB0007E16002008160020F8B500BFF8BC08BC4B
:101FC0009E467047000000005FF800F039250000D1
:101FD0005FF800F0512100005FF800F0AD4D000007
:101FE0005FF800F0DD4700005FF800F01524000006
:101FF0005FF800F0254700005FF800F0B93F0000EF
:102000005FF800F0C135000045000000F10000005D
:1020100035030000E5060000290900004109000021
:10202000590900007109000089090000A109000098
:10203000B9090000D1090000E9090000010A000007
:10204000C50D0000DD0D0000F50D00000D0E0000B7
:10205000250E00003D0E0000550E00006D0E000024
:10206000850E00009D0E0000B50E0000CD0E000094
:0C207000E50E0000FD13000059190000EF
:10207C0080C00F4000000003190000001000000099
:10208C00E8841F4001000000FF000000FF0000007A
:10209C00000000000000000018000000100000000C
:1020AC00E4841F4001000000FF000000FF0000005E
:1020BC0000000000000000001F00000070C00F4076
:1020CC00000C00001100000011000000E0841F4013
:1020DC00020000002C00000012000000E0841F40F1
:1020EC00010000001000000011000000DC841F4003
:1020FC00020000002D00000012000000DC841F40D4
:10210C00010000001E00000070C00F40C000000065
:10211C001200000013000000D0841F4001000000DA
:10212C00FF000000FF0000000000000000000000A5
:10213C001300000013000000CC841F4001000000BD
:10214C00FF000000FF000000000000000000000085
:10215C001C00000024035400650065006E00730031
:10216C00790020004D004900440049002F00410037
:10217C007500640069006F00180354006500650069
:10218C006E00730079006400750069006E006F00CA
:10219C000403090409025501060100C032080B00B2
:1021AC0002020201000904000001020201000524E0
:1021BC000010010524010101042402060524060077
:1021CC00010705820310001009040100020A000037
:1021DC0000070503024000000705830240000009C8
:1021EC00040200020103000007240100012500067F
:1021FC002402010100062402020200092403010347
:10220C000102010009240302040101010009050473
:10221C00024000000000052501010109058402406F
:10222C00000000000525010103080B030301010058
:10223C00000904030000010100000A240100013E12
:10224C00000204050C240201020600020300000037
:10225C000924030201010001000C24020301010006
:10226C0002030000000A24063103010102020009E6
:10227C0024030402060031000904040000010200DA
:10228C0000090404010101020000072401020301FA
:10229C00000B2402010202100144AC00090585095F
:1022AC00B40001000007250100000000090405002E
:1022BC0000010200000904050102010200000724CC
:1022CC0001030301000B2402010202100144AC00C3
:1022DC0009050505B4000100860725010000000072
:1022EC0009058611030001050000000009025501D3
:1022FC00060100C032080B000202020100090400B2
:10230C000001020201000524001001052401010155
:10231C0004240206052406000107058203100005AB
:10232C0009040100020A0000000705030200020074
:10233C0007058302000200090402000201030000E9
:10234C0007240100012500062402010100062402D5
:10235C000202000924030103010201000924030203
:10236C00040101010009050402000200000005251A
:10237C00010101090584020002000000052501018C
:10238C0003080B0303010100000904030000010111
:10239C0000000A240100013E000204050C24020185
:1023AC0002060002030000000924030201010001DF
:1023BC00000C24020301010002030000000A2406A1
:1023CC00310301010202000924030402060031005A
:1023DC0009040400000102000009040401010102C7
:1023EC000000072401020301000B24020102021069
:1023FC000144AC0009058509B4000400000725015F
:10240C000000000009040500000102000009040599
:10241C00010201020000072401030301000B240246
:10242C00010202100144AC0009050505B4000400CA
:10243C008607250100000000090586110400040729
:10244C00000000000A060002EF020140010001003A
:10245C000000000000000000000000000000000070
:10246C000000000000000000000000000000000060
:10247C0010B5054C237833B9044B13B10448AFF3B2
:10248C0000800123237010BD5C0E002000000000B2
:10249C00B4510000084B10B51BB108490848AFF304
:1024AC0000800848036803B910BD074B002BFBD014
:1024BC00BDE81040184700BF00000000600E00206F
:1024CC00B45100005C0E00200000000010B5044662
:1024DC0003F05EFE204610BD10B50E4C0C210E48CC
:1024EC0005F08AF8204600F0A9FA20465522202152
:1024FC0000F09AF938B1E2882046242142F0040217
:10250C0092B200F091F91A210248BDE8104000F097
:10251C00C9BA00BF780E00200000202038B5064D47
:10252C00064C2B6822689B1A322B04D90F2002F020
:10253C0003F82B68236038BD5C1200209C0E002031
:10254C002DE9F041404F0023404D414E3A686B72EB
:10255C002E602B612B72EB600AB971E01A4653693D
:10256C00002BFBD155614FF000083A4C3A4B3748E1
:10257C00C5F81480A5F80480A5F8068085F80A80B3
:10258C002B6000F091FB04F118004FF0020E266056
:10259C0043464146024684F808802646C4F80C801F
:1025AC0084F809E0206100E0326942F8231001331D
:1025BC00627A28489A42F7DC3A68234B0AB941E020
:1025CC001A465369002BFBD154610026DFF8AC800E
:1025DC00224B20486661A680E680A672236000F03C
:1025EC00A9FD40461E4FC8F8044088F80860C8F89A
:1025FC00005088F80960C8F80C6088F8106003F087
:10260C0093FD184A4046184904F0FEFA0123384657
:10261C007C603B727B72FE603D603E7403F084FD17
:10262C00104A3846104904F0EFFA104B10480A22B1
:10263C001C681049104B046019601A72BDE8F081D7
:10264C003D6090E71860C0E704160020840E00205F
:10265C0008000020A00E0020400000204C000020AC
:10266C00D40E0020080500207D0000005C12002024
:10267C009C0E002014000020780E0020C00E0020BC
:10268C002DE9F04F00F5807EB1E8A00AB2E84015C4
:10269C00C5EA0643C6EA2544C7EA0845C8EA274600
:1026AC00C9EA0A47CAEA2948CBEA0C49CCEA2B4AC0
:1026BC00A0E8F8078645E7D1BDE8F04F70474FF02A
:1026CC0000022DE9F00F00F5807C00BFB1E8A00AF4
:1026DC00C5EA0203C2EA2544C7EA0205C2EA274654
:1026EC00C9EA0207C2EA2948CBEA0209C2EA2B4A24
:1026FC00A0E8F8078445E9D1BDE8F00F70474FF02A
:10270C0000022DE9F00F00F5807C00BFB1E8A00AB3
:10271C00C2EA0543C2EA0504C2EA0745C2EA070653
:10272C00C2EA0947C2EA0908C2EA0B49C2EA0B0A23
:10273C00A0E8F8078445E9D1BDE8F00F70472DE912
:10274C00F00F089C00F5007B51F8045B53F8046B08
:10275C00C5EA0647C6EA254952F8045B54F8046BEF
:10276C00C5EA0648C6EA254AA0E880078345EBD1AE
:10277C00BDE8F00F704700BF10B5044603F0B6FD7E
:10278C00204610BD024A0349034804F03DBA00BF7D
:10279C000805002029030000E80E002000207047E7
:1027AC0000207047F8B50125027A1E4C0E46AA404F
:1027BC00C1F307210746204684F83D2084F8605079
:1027CC0084F85F5000F0E8FDF1B2204600F0E4FD23
:1027DC002046002100F0C0FE08B10020F8BD2B46B9
:1027EC00397A0222204600F027FF0128F5D994F807
:1027FC003A1094F83B50A94210D24A1C6318D2B23A
:10280C00987E954284F83A204FEA002306D9224458
:10281C000231907E84F83A101843F8BD4FF0FF3027
:10282C00F8BD00BF0C050020F8B50125037A144C47
:10283C00242903FA05F30E4608BFC2801746C1F3DC
:10284C000721204684F83D3084F8605084F85F50AE
:10285C0000F0A2FDF1B2204600F09EFDC7F3072167
:10286C00204600F099FD2046F9B200F095FD29466E
:10287C00204600F071FEB0FA80F04009F8BD00BFB0
:10288C000C0500202DE9F041044669480E46174618
:10289C0004F0A6FE052001F0E5FF20460621FFF717
:1028AC0081FF351C18BF0125B02818BF002535B194
:1028BC0000220123227163722846BDE8F0814FF09B
:1028CC00010844F260023021204684F80480FFF7AE
:1028DC00ABFF05460028EFD06C2226212046FFF7DF
:1028EC00A3FF4FF4F97228212046FFF79DFF40F615
:1028FC0022722C212046FFF797FF44F246423C21DE
:10290C002046FFF791FF40F2371224212046FFF7B3
:10291C008BFF002E6BD0474B342120469E428CBF40
:10292C0042460022FFF780FF07EE907ADFED426A05
:10293C003221B8EE676A07EE906A2046F8EE677AA5
:10294C00B7FBF6F686EE277A06F01F0207EE902A02
:10295C00F8EEE77A77EE677A67EEA67AFCEEE77A1E
:10296C0017EE903AC3F30A0343EAC222FFF75CFF67
:10297C0044F2FF5230212046FFF756FF732202210A
:10298C002046FFF751FF4FF4C87001F06BFF41F682
:10299C001D522E212046FFF747FF07220421204617
:1029AC00FFF742FFB02206212046FFF73DFF102221
:1029BC000A212046FFF738FF00220E212046FFF7A0
:1029CC0033FF43F63C4210212046FFF72DFF47F61C
:1029DC007F7222212046FFF727FF36222421204632
:1029EC00FFF722FF012328466372BDE8F08144F211
:1029FC00FF0230212046FFF717FF732202212046E9
:102A0C00FFF712FF4FF4C87001F02CFF41F61D5276
:102A1C002E212046FFF708FF042220461146FFF71F
:102A2C0003FF302206212046FFF7FEFEBFE700BF62
:102A3C000C0500204066030100000045014A0021FE
:102A4C00FFF720BF0040C40A10B5044619B1012994
:102A5C0011D0002010BD55222021FFF7E5FE0028E3
:102A6C00F7D0E2882046242142F00402BDE8104051
:102A7C0092B2FFF7D9BE40F273122A21FFF7D4FEAF
:102A8C000028E6D0882220212046FFF7CDFE002822
:102A9C00DFD0E2882046242122F00402BDE8104059
:102AAC00FFF7C2BE38B5054611B3802909D92B7979
:102ABC0000246BB9224628462221BDE83840FFF796
:102ACC00B3BEC1F180042B7944EA0424002BF1D06D
:102ADC00EA8800232421284622F010022B71FFF7EC
:102AEC00A3FE224628462221BDE83840FFF79CBEB3
:102AFC00012347F67F7222210371FFF795FEEA88C6
:102B0C002846242142F01002BDE8384092B2FFF76B
:102B1C008BBE00BF9FED057ADFED057AE0EE077AFC
:102B2C00FCEEE77A17EE901AFFF7BCBF00000143EA
:102B3C00EE7CFF3E024A0349034804F065B800BF2F
:102B4C000805002029030000F00E0020244B254925
:102B5C001A68F0B412691879234BC8779A4209D2D3
:102B6C00224A1278002A37D0214A402103F580747A
:102B7C00116002E01C46A3F580731E491E4A0968C9
:102B8C00166839B336B31D4F3A88402A22D8500004
:102B9C0002F1400523F01F02014430443D8003F54F
:102BAC00807604310430BFF34F8F154D2A602032EC
:102BBC009642FBD8BFF34F8FBFF36F8F8A1E811ED7
:102BCC0033F9040B22F8020F9C4233F9020C21F862
:102BDC00020FF5D8F0BC704703F58074CDE700BF49
:102BEC00000F002000800E40400D2020FA0E002027
:102BFC0008E200E0080F0020FC0E0020F80E002078
:102C0C005CEF00E0F8B5064603F0EAF90446E8B1DB
:102C1C0003F0E6F9054600283AD072B61F4B1A8825
:102C2C007F2A19D8002C31D01D490A6842B162B6EE
:102C3C00204603F029FA2846BDE8F84003F024BAF0
:102C4C0018480C601A80056062B6F8BD054672B66D
:102C5C00124B1A887F2AE5D91148002211490768BE
:102C6C001A8004600C680D6062B63946304603F079
:102C7C0035FA384603F008FA30462146012203F0B3
:102C8C002DFA2046BDE8F84003F0FEB962B6F8BD57
:102C9C0020462C4603F0F8F9BFE700BFF80E0020E1
:102CAC00080F0020FC0E0020F8B5244C0121244E06
:102CBC004FF48075204640F2011703F0C7FA00204C
:102CCC0000F0CAF902211F4A03201F4B4FF0060ED9
:102CDC00C2F87C010022C3F8941123681B481E60C3
:102CEC001B4E18619A80DD829960DD839982DF80AA
:102CFC009E61DA602079A3F81CE01649164B174F39
:102D0C00174E41F8202041F82070C6F8883003F0A7
:102D1C007DFA23791349012203F01F05124F087025
:102D2C0003F11006AA405C11104D11481149FB76B5
:102D3C0045F8260041F82420F8BD00BF000F002004
:102D4C00A240384000801F4000841F40400C2020CF
:102D5C0000FEFFFF00C00E40010000921300008037
:102D6C0000403840FA0E002000800E400020002069
:102D7C00FD06000000E100E0024A0349034803F0AD
:102D8C0043BF00BF0805002029030000000F0020EE
:102D9C00024A0349034803F037BF00BF080500206F
:102DAC00290300000C0F0020024A0349034803F0DA
:102DBC002BBF00BF0805002029030000140F0020C2
:102DCC00024A0349034803F01FBF00BF0805002057
:102DDC00290300001C0F0020024A0349034803F09A
:102DEC0013BF00BF0805002029030000240F00209A
:102DFC00024A0349034803F007BF00BF080500203F
:102E0C00290300002C0F0020024A0349034803F059
:102E1C00FBBE00BF0805002029030000340F002072
:102E2C00024A0349034803F0EFBE00BF0805002027
:102E3C00290300003C0F0020024A0349034803F019
:102E4C00E3BE00BF0805002029030000440F00204A
:102E5C00024A0349034803F0D7BE00BF080500200F
:102E6C00290300004C0F0020494B2DE9F04F1A6844
:102E7C0083B0484C197904F580751368464AAB4207
:102E8C00D17709D2454B1B78002B4CD0444B4022B8
:102E9C002C4605F580751A60424BDFF818B1D3F853
:102EAC000080DFF814A1DFF81491DBF80030BAF8D9
:102EBC000060B9F80070B8F1000F00D023BBB8F176
:102ECC00000F34D008F104012046019301EB4601B8
:102EDC004036FFF7F4FB019B24F01F04BFF34F8F28
:102EEC00314A14602034AC42FBD3BFF34F8FBFF395
:102EFC006F8F7F2E34D8AAF800607F2F22D8A9F8C4
:102F0C00007003B0BDE8F08F1A1D08F104012046D3
:102F1C00019302EB4702403701EB46014036FFF7C5
:102F2C00AFFB019BD8E72C4605F58075B4E72BB3B6
:102F3C00191D2046019301EB47014037FFF7DFFBDA
:102F4C00019BC9E700241846A9F8004003F09CF83F
:102F5C00164B1A681C60CBF8002003B0BDE8F08F4C
:102F6C00002440460193AAF8004003F08DF8104A63
:102F7C000C4B116814601960019BBEE719464FF4A5
:102F8C0080722046019304F039F9019BA4E700BF3D
:102F9C00580F0020400E202000800E40700F0020A3
:102FAC0008E200E0680F002070EF00E06C0F0020DA
:102FBC00740F0020600F0020540F0020640F0020BD
:102FCC00F8B50021044603F0A3F880B172B61C4A90
:102FDC001368002B29D01B490D6805B31A4E002726
:102FEC0015600860378062B6184603F04DF820462D
:102FFC00012103F08DF888B172B6144A1368CBB175
:10300C0013490C6874B1134D0026146008602E80AF
:10301C0062B61846BDE8F84003F036B8F8BD086053
:10302C0062B6E4E7086062B6F8BD074910600B8031
:10303C0062B6DCE7074910600B8062B6F8BD00BFD2
:10304C00680F0020740F0020540F0020600F002028
:10305C006C0F0020640F0020F8B52C4C2C4AE36F49
:10306C0043F44023E3679368002B46DBD2F88830A7
:10307C00002B42DB002342F210724FF40C61054628
:10308C001C2004F0B5FAE169224A21F4406122487F
:10309C00224B41F40061E161A16A0A4042F0CE0288
:1030AC00A2624268134043F4002343602DB91C4BC9
:1030BC000322C3F82021C3F82421194A0326144BF8
:1030CC000025C2F8286101244FF480301549164AB6
:1030DC00164F174E1D66DC601F6158619961DA61ED
:1030EC00C3F8E050C3F88C40C3F89060C3F8940068
:1030FC00C3F89810C3F89C20F8BD30B9084B0322D4
:10310C00C3F82021C3F82421F8BDF8BD00C00F403E
:10311C000040384000FEFFFF00C00A40F8FFF7FFF8
:10312C0000801F401B1F0100001F1F1F01000047D4
:10313C0001000007F8B5274D00240121264E284632
:10314C00264F03F083F8264A264B204614601C6059
:10315C00FFF782FF244B0322022040F20111C3F837
:10316C0080214FF480722B684FF0060E1E601F4EAC
:10317C00DA829880DA83D980DE6029791C4A1D4E68
:10318C00A3F81CE098601F619C829C611A4842F86D
:10319C0021401A4B42F821602A791949C276D3F89A
:1031AC008820184F42F01042174C184EC3F8882054
:1031BC00996003F02BF82B790122387003F01F0172
:1031CC0003F110055B118A40114944F8256041F860
:1031DC002320F8BD580F0020400E202022403840FC
:1031EC00680F0020600F002000801F4000FEFFFFD2
:1031FC0000C00E401400008000800E40004038409B
:10320C0001000090700F002000200020190A00001F
:10321C0000E100E0024A0349034803F0F5BC00BF9B
:10322C000805002029030000580F0020024A03491A
:10323C00034803F0E9BC00BF080500202903000087
:10324C00780F0020024A0349034803F0DDBC00BF9D
:10325C000805002029030000800F0020024A0349C2
:10326C00034803F0D1BC00BF08050020290300006F
:10327C00880F0020024A0349034803F0C5BC00BF75
:10328C000805002029030000900F0020024A034982
:10329C00034803F0B9BC00BF080500202903000057
:1032AC00980F0020024A0349034803F0ADBC00BF4D
:1032BC000805002029030000A00F0020024A034942
:1032CC00034803F0A1BC00BF08050020290300003F
:1032DC00A80F0020024A0349034803F095BC00BF25
:1032EC000805002029030000B00F0020024A034902
:1032FC00034803F089BC00BF080500202903000027
:10330C00B80F0020024A0349034803F07DBC00BFFC
:10331C000805002029030000C00F0020024A0349C1
:10332C00034803F071BC00BF08050020290300000E
:10333C00C80F0020024A0349034803F065BC00BFD4
:10334C000805002029030000D00F00200020704742
:10335C0090F83B2090F83A00101A704790F83A30E9
:10336C0090F83B209A4205D95A1C034480F83A2025
:10337C00987E70474FF0FF30704700BF90F83A309E
:10338C0090F83B209A4202D90344987E70474FF044
:10339C00FF307047704700BFB0F8603093B190F8C1
:1033AC005F30202B0BD8C21810B45C1C012380F8A2
:1033BC005F40184682F83D105DF8044B70470122BF
:1033CC00002302711846704738B50546B0F8600006
:1033DC0090B195F85F301446C3F1210294420CD899
:1033EC0005F13D002246184401F00CF895F85F30C9
:1033FC0020461C4485F85F4038BD144601222A71D2
:10340C00EEE700BF2DE9F04F8346404883B0152509
:10341C00DBF814A09BF818609BF819300AEB061621
:10342C003B490AEB0313DFF8ECE0367A0C4693F8D1
:10343C0028303601DFF8E0901B01871950F8068020
:10344C0000EB030CC658F8687B68DCF80C70009332
:10345C001D60C8F88400D8F80430DCF8042003435D
:10346C000192C8F804301560C6F8847073683B4349
:10347C0073600968DEF80030A9FB0332920C02EB92
:10348C008202520023685B1A9A42FBD8204A092513
:10349C00DFF884C09146D8F80830184202D0B368DF
:1034AC001F4231D1C6F888701468DEF80010ACFBEE
:1034BC000131890C01EB810113681B1B9942FBD86C
:1034CC00C6F88470D9F80040DEF80010ACFB01316E
:1034DC00890C01EB810113681B1B9942FBD8013D40
:1034EC00D9D128469BF81830009A0AEB0313DB68F5
:1034FC0013609BF81930019A0AEB031ADAF82C3096
:10350C00136003B0BDE8F08F0120EBE72801002029
:10351C00041000E0D405002083DE1B430D49026932
:10352C0010B50C6805E0DB0107D40B681B1B102BD6
:10353C0008D8536913F0007FF5D14FF4FE430120F6
:10354C00536110BD0446FFF75DFF0028F9D02269D6
:10355C00F3E700BF5C1200202DE9F04790F85FA064
:10356C00BAF1000F02D10420BDE8F08705460E46E3
:10357C00FFF7D4FF0028F6D02E4F00244FF400792B
:10358C00D7F80080544529691AD8CB6D03F007038E
:10359C00032B09D914E095F83D200133012442F4A2
:1035AC008062042B0A660BD02A19002CF3D0A2459A
:1035BC0027D9013392F83D200134042B0A66F3D14C
:1035CC004B69180522D45A0527D4980404D43A68B8
:1035DC00C8EB0202322A09D90B694FF4007204209D
:1035EC0043F440730B610A66BDE8F087544505D976
:1035FC00CA6D520702D19B0519D4C6B103F0DAF992
:10360C00C0E70EB1C1F860900134D9E70B69042012
:10361C0043F440730B61BDE8F0870B694FF4007203
:10362C00022043F440730B610A66BDE8F08700206A
:10363C00BDE8F0875C1200202DE9F84F0C461546CA
:10364C0098468146FFF76AFF10B90420BDE8F88F51
:10365C0000226300002D40F2014A1446DBB23D4EBD
:10366C0008BF0125022C43EA0A0AD6F800B089F8F3
:10367C003A2089F83B2048D9D9F8103099F83B20EA
:10368C001F2A12D8D96DC1F3024111B90DE0202ABD
:10369C000BD002F1010E09EB020001395FFA8EF238
:1036AC0089F83B201F6F8776F1D15A6910054CD4ED
:1036BC0012F4105F04D13168CBEB0101322912D91D
:1036CC001A694FF4007142F440721A611966DA6D8E
:1036DC0012F4E02F03D01A6942F400721A6199F8BF
:1036EC003B00BDE8F88F99F83B10A94209D3022C96
:1036FC0007D9D96D490704D19205E8D4B8F1000F68
:10370C00E5D003F057F9022CB6D8D9F81020D36DB8
:10371C0003F00703032B0DD8691E4FF4007041F41E
:10372C0080714CB9C2F860A0013B0134032B01D865
:10373C00022CF6D91346A1E7012C04D0B8F1000FE6
:10374C00F2D01066F0E71166EEE71A6942F44072A7
:10375C001A61BCE75C12002010B4047F4160022C9B
:10376C00C26003D05DF8044B02F0DABD83685DF8EB
:10377C00044B1847F0B5304C304BA06C656C01799C
:10378C00226CD9772979197701791977FAB1B2F5C1
:10379C00004F18D22B6892B2D98B0E043BD4DA832B
:1037AC00D98B89B2D9820368D98B09042CD4DA83DA
:1037BC000021DA8B92B2DA82216402791F4BDA761D
:1037CC002A79DA76F0BD1E4B13442364F5E7E06CDE
:1037DC000F25236840F2013E01684FF47C579D652C
:1037EC0003260D681749DA618D42C3F810E05F615A
:1037FC0084F83D6017D1037F4260022BC26017D062
:10380C00BDE8F04002F08CBDD98BC2F3080201F484
:10381C007E410A43CBE7D98BC2F3080601F47E4103
:10382C003143D983BCE72B461146BDE8F04018471D
:10383C008368BDE8F04018477C05002000800E40EE
:10384C000180FFFF09130000704700BF084B0022E6
:10385C00022008495A71186199639A719A721A7305
:10386C0083F8302083F83C2083F83E20704700BF5B
:10387C00D80F0020EC00002010B50121007901F0D8
:10388C007DF813490B78EBB1124A0020D37C0870F9
:10389C001946BBB1D80702D5946A0F4804609B0740
:1038AC0003D5D06A0D4BD17C18604C0703D5106B37
:1038BC000B4BD17C1860080705D4CB0602D5926B54
:1038CC00084B1A6010BD506B074BD17C1860F4E7A5
:1038DC00401000207C05002000E100E004E100E045
:1038EC0008E100E010E100E00CE100E038B540F246
:1038FC00012203890546591C9342018112D80C4BB5
:10390C00FF2440F202201A685466D36D13F4F81F9A
:10391C00FBD08BB2516F834201D0591CF4E740F2BB
:10392C0003232B812846FFF7A7FF0023AB7138BD7B
:10393C007C050020404A13781BB10079002101F06E
:10394C001DB83E4B3E49F0B50124DE7C0D68147069
:10395C004C68002E31D072B6D97CCE070A4608D5F9
:10396C00DFF8FCE05F69DEF800603E409E62CEF856
:10397C0000608F0706D5334E99693768DA7C394079
:10398C00D9623160560706D52F4ED9693768DA7C73
:10399C00394019633160110706D52C4E196A376806
:1039AC00DA7C394059633160D20605D528495A6A08
:1039BC000E6832409A630A6062B69A681F49AA423E
:1039CC002BD0244A244E92698D60C2F30111C2F3AC
:1039DC00826256F821100132B1FBF2F1DDB1B1FB7C
:1039EC00F5F242B1B1FBF2F1A94288BF0132B2F556
:1039FC00817F14D3194ADA601B6800260325012144
:103A0C001E615D621A641C66196100210079BDE8B3
:103A1C00F04000F0B3BF0A46E3E7CA68ECE7022ABD
:103A2C0098BF0022E7D9023A5508290442EA052238
:103A3C0001F47F010A43DEE7401000207C050020E2
:103A4C003810002084E100E088E100E08CE100E027
:103A5C0090E100E000C00F4028000020FF7F7F00B5
:103A6C0080E100E0F8B5837904460D461646002B3C
:103A7C004BD12046FFF75EFF254A264BFF211768E6
:103A8C001B685966D86D10F4F81FFBD0586FC0B284
:103A9C00FF2804D01068C01BB0F5967FF1D345F019
:103AAC0040025A66D86D10F4F81FFBD05A6F1822DA
:103ABC0026FA02F1C9B25966D86D10F4F81FFBD082
:103ACC00083A596F12F1080FF2D1E5B1082D0CBF6D
:103ADC008722FF225A66DA6D12F4F81FFBD05A6F58
:103AEC000021FF255D66DA6D12F4F81FFBD0CAB217
:103AFC00586F0131FF3AC0B218BF0122E07212EACE
:103B0C00D012EFD1F8BD9522E4E7FFF7EFFEB0E756
:103B1C005C1200207C05002038B51249FF24124BA2
:103B2C000D681A685466D36D13F4F81FFBD0536FED
:103B3C00DBB2FF2BC3720AD10B685B1BB3F5967F0C
:103B4C00F0D90F234371FFF797FE002038BDFE2BF1
:103B5C0005D00D234371FFF78FFE002038BD0120E7
:103B6C0038BD00BF5C1200207C050020F8B51D4656
:103B7C0013440446B3F5007F10DC8379164693B9E1
:103B8C00237B20462160032B18BF49020A461121D2
:103B9C00FFF768FF074668B1032363712046FFF700
:103BAC006BFE0020F8BD03688B42E9D1008982428C
:103BBC0009D2E5E72046FFF7AFFF0028EED001233E
:103BCC0038462781A37186420DD91B4FFF233968D4
:103BDC004B66CA6D12F4F81FFBD001304A6F80B2ED
:103BEC008642F5D126819DB1069B6E1E124F4FF079
:103BFC00FF0E581E13FA86F63968C1F864E0CA6DD8
:103C0C0012F4F81FFBD04B6F00F8013FB042F3D118
:103C1C002389A27A2B449BB2238122B1B3F5007F76
:103C2C0001D20120F8BDA379002BFAD02046FFF772
:103C3C005DFE0120F8BD00BF7C05002000B583B0FF
:103C4C004FF4007300920022FFF790FF03B05DF871
:103C5C0004FB00BF1C4B10B51C686166E36D13F4CC
:103C6C00F81FFBD0511E636F02F2FF1211F8013FD7
:103C7C006366E36D13F4F81FFBD09142636FF5D1CB
:103C8C00FF236366E36D13F4F81FFBD0FF23626F11
:103C9C006366E36D13F4F81FFBD0FF23626F63665A
:103CAC00E36D13F4F81FFBD0636FDBB203F01F025C
:103CBC00C372052A05D011224271FFF7DDFD0020E9
:103CCC0010BD012010BD00BF7C050020F8B50446D6
:103CDC0031B9122343712046FFF7CEFD0020F8BD09
:103CEC001E46037B1546032B18BF49020A461821B2
:103CFC00FFF7B8FE30B1042320466371FFF7BCFD1B
:103D0C000020F8BD2A46FE212046FFF7A3FF00281D
:103D1C00E1D046B31649FF20164E0F683268506644
:103D2C00D36D13F4F81FFBD0556FEDB2FF2D07D0F8
:103D3C000B68DB1BB3F5167FF1D315236371CAE750
:103D4C0000220D212046FFF78DFE48B932685566DA
:103D5C00D36D13F4F81FFBD0536F13F0FF0F02D089
:103D6C0014236371B7E72046FFF786FD0120F8BDE9
:103D7C005C1200207C05002038B50546FFF7DAFD03
:103D8C00084AFF2312685366D36D13F4F81FFBD057
:103D9C00546F2846FFF770FDE0B2FF3818BF0120C2
:103DAC0038BD00BF7C050020024B0722024983E886
:103DBC00060070473810002000093D0070B590F9DE
:103DCC00053004460D46002B09DB1DB9637923F041
:103DDC00100363712846BDE8704000F0D5B901218D
:103DEC00006900F0F5F908B9002070BD267D0F4B75
:103DFC0013EB4616F8D0A379012B14D9E3690C49BF
:103E0C001A0C73830B68B28233B106F1160106F1FA
:103E1C0018009847338B7382637903F07F036371C7
:103E2C00002DD7D1D2E7A369F361E7E7501000204A
:103E3C004410002010B500F1080204460121006A6C
:103E4C0000F066FA30B1E3692BB1637943F02003DB
:103E5C000120637110BD6379A26843F08003E261B5
:103E6C00F4E700BFF8B5837913B182698A4201D2B5
:103E7C000020F8BD022B0F4605461CD0F7B12B6A6B
:103E8C007C1EE9681B7C4A1E0933DA40DC40A242E6
:103E9C0002D809B1A41A01E0EB69AB6005F1080680
:103EAC0006E0A968013C286A00F0F8F90028DFD088
:103EBC003246002CF5D1EF600120F8BDAF60012037
:103ECC00EF60F8BD8279012A01D00020704738B527
:103EDC004279910720D55307054606D5A969EB68A9
:103EEC008B4202D0FFF7BEFFB0B1154B1868FFF73D
:103EFC0043FF014680B96A7902F0200303F0FF0406
:103F0C0063B1AB791BB12846FFF758FF6A7922F0F1
:103F1C00200200206A7138BD002038BD094B1B6897
:103F2C004BB9EB6842F01002C3F308036A71C3F596
:103F3C00007080B238BD00F00FF9204638BD00BFCC
:103F4C004C100020481000202DE9F04F837983B0ED
:103F5C000546012B05D0012300202B7103B0BDE8D1
:103F6C00F08F4479A607F6D563070F46914608D51E
:103F7C00A969EB688B4200F0AB80FFF773FF002858
:103F8C00E9D0E968B9F1000F00F0C98084F01004A1
:103F9C004E46C4F3001820E093405944B4F5007F1A
:103FAC0003EB010B3AD1604B1A68934500F08C80FF
:103FBC005E48594643463A460068FFF787FE00289C
:103FCC00C9D007F500774FF40071EB68361B194424
:103FDC00B6B2E960002E00F09080286AC1F3080A9E
:103FEC000379013B03EA512111F0FF0B39D1BAF1EE
:103FFC00000F36D1A96800294BD1EB69002B5AD0A0
:10400C00AB60CAF50074023B027CA4B24169B442B5
:10401C00C2D993405944344603EB010BBAF1000F5B
:10402C0003D1EA68AB699A421DD25846012100F0CF
:10403C00CFF800288FD03E4B9A440AEB040EF24581
:10404C0025D07A1E0AF1FF330EF1FF3012F8011F52
:10405C0003F8011F9842F9D1CAEB0E0A21465744C6
:10406C00B3E7AB68CDE7012000F08EF800283FF4F1
:10407C0072AF304A2C491378C1F800B043F00103F9
:10408C0013702B4B9A440AEB040EF245D9D12146FE
:10409C009BE701AA00F002F900283FF45FAF286A01
:1040AC004FF6F872244990F82040019B102C18BF51
:1040BC000A469342A4D32846FFF7BCFE00283FF4DF
:1040CC004AAF286AAB689CE74FF0FF321A606FE783
:1040DC00B9F1000F7FF45AAF22070AD5AB79002B48
:1040EC003FF439AF01212846FFF768FE00283FF462
:1040FC0032AF484603B0BDE8F08FAB69994205D9A1
:10410C006C79A96144F080046C71E5E70B4B6C7918
:10411C001B68002BE0D044F080046C71DCE7AB69C9
:10412C008B42EDD36C79D7E7CC0500204C100020E6
:10413C005010002050120020F8FFFF0F44100020F8
:10414C0000B583B0012202AB03F8011D1946FFF73D
:10415C00FBFE03B05DF804FB10B5084C216809B9EF
:10416C00012010BD03460648064A0068FFF7AEFD65
:10417C000028F6D000230120236010BD4810002039
:10418C004C1000205010002038B50D4D2B780BB979
:10419C00012038BD0B4A04460B49034610680968D8
:1041AC000A4AFFF793FD48B1002CF1D02046FFF7E7
:1041BC00D3FF18B1002301202B7038BD002038BD6F
:1041CC00501200204C100020CC0500205010002074
:1041DC0070B50D4D0E462B6883420FD0044601205E
:1041EC00FFF7D2FF08B9002070BD084B2146084AE2
:1041FC001868FFF723FD0028F5D02C60054B012033
:10420C0019783143197070BDCC0500204C1000207A
:10421C005010002050120020F8B590F820300546C0
:10422C000E461746102BC469184B17D004EBD1144B
:10423C001B689C4217D106F07F01154A42F8217089
:10424C001449287E0A78012842F001020A7019D913
:10425C00A9680120104A0B441360F8BD04EB11242B
:10426C001B689C4208D000212046FFF7B1FF50B1DB
:10427C0095F82030102B07D1F1B2054A234622F8CD
:10428C001170DDE70120F8BD2346D4E7CC050020F2
:10429C00501000205012002048100020C368013339
:1042AC008B4218D370B590F82030044616460D4654
:1042BC00102BC069144B10D000EBD1101B68984226
:1042CC0010D105F07F01114B012053F8213023F060
:1042DC007043336070BD0020704700EB11201B68E9
:1042EC00984207D00021FFF773FF50B194F82030AB
:1042FC00102BE6D1E9B2054B012033F811303360B5
:10430C0070BD002070BD00BFCC05002050100020F7
:10431C002DE9F04F176883B067B301374FF0000AEF
:10432C00C36803F101080BB38B46064691463C4625
:10433C00002505E01C461F460135F368AB4215D934
:10434C00A04501AA304601D2022427462146FFF798
:10435C00A5FF631C50B1019AD91B002AEAD18B45E9
:10436C0010D01C460135F368AB42E9D8002003B0ED
:10437C00BDE8F08FA1F1010A0768BAFA8AFA4FEA90
:10438C005A1ACDE7012CF1D9F36801339C42EDD8D0
:10439C006FF0704221463046FFF73EFF0028E5D013
:1043AC00A74214D2013C012CE0D9F36801339C42A2
:1043BC00DCD8621C21463046FFF72EFF0028D5D0F2
:1043CC00A74204F1FF3402D0012CEED1CEE7D9F88C
:1043DC00001059B10129C9D9F36801339942C5D8E4
:1043EC003A463046FFF718FF0028BFD0C9F80070D6
:1043FC00BAF1000F03D0013701203760B7E7012075
:10440C00B5E700BF844641EA000313F003036DD106
:10441C00403A41D351F8043B40F8043B51F8043B7B
:10442C0040F8043B51F8043B40F8043B51F8043B82
:10443C0040F8043B51F8043B40F8043B51F8043B72
:10444C0040F8043B51F8043B40F8043B51F8043B62
:10445C0040F8043B51F8043B40F8043B51F8043B52
:10446C0040F8043B51F8043B40F8043B51F8043B42
:10447C0040F8043B51F8043B40F8043B51F8043B32
:10448C0040F8043B51F8043B40F8043B51F8043B22
:10449C0040F8043B403ABDD2303211D351F8043BC2
:1044AC0040F8043B51F8043B40F8043B51F8043B02
:1044BC0040F8043B51F8043B40F8043B103AEDD271
:1044CC000C3205D351F8043B40F8043B043AF9D2C2
:1044DC00043208D0D2071CBF11F8013B00F8013B95
:1044EC0001D30B8803806046704700BF082A13D3A2
:1044FC008B078DD010F003038AD0C3F10403D21ABA
:10450C00DB071CBF11F8013B00F8013B80D331F8ED
:10451C00023B20F8023B7BE7043AD9D3013A11F86D
:10452C00013B00F8013BF9D20B7803704B784370D8
:10453C008B788370604670472A281BD814490B78F7
:10454C004BB1144A936C1B06FCD4134A936C13F0B6
:10455C008003FBD10B70114B1B5CFF2B0AD01A068E
:10456C000AD40C4A114613600B6A0A4AD807FBD5C9
:10457C00506A704700207047074A03F07F031146CA
:10458C0013600B6A044ADB07FBD5506A704700BF07
:10459C005112002000400C4000800C40FC00002018
:1045AC00964A974B90422DE9F043964CD3F814E081
:1045BC009969E6681CD9944B984240F21581934B4B
:1045CC0040F22765924F0344924C1A0AA7FB023221
:1045DC00D30903EB830303EB830202F2E243AB4206
:1045EC0028BF2B46A3F54873A4FB0335ED0804E064
:1045FC00894DA84294BF06250E25814A06F01F0757
:10460C00D2F88030AF4243F0C003C2F880300AD2F7
:10461C007C4B26F01F061A462E43DE601368002BD7
:10462C00FCDA06F01F071EF0007331D17B4C7C4A7C
:10463C00D4F810C014460CEA0202A2420ABF4FF092
:10464C00C0534FF4805200228EEA030414F0605FD2
:10465C0008D02EF0605E03F06053694C43EA0E0EF6
:10466C00C4F814E081EA020313F4405F08D0644BF1
:10467C0021F4405111431A469961936C1C07FCD4E8
:10468C004EF0007E5E4AC2F814E0936C9906FCD49E
:10469C000121644C0A4601FB02F300FB03F3A34225
:1046AC0009D8072A00F29580013201FB02F300FBC6
:1046BC0003F3A342F5D95C485C4C1844A4FB0003FB
:1046CC001B0D6C2B00F28B80352B00F28F80DFF8EA
:1046DC00888136235648DFF844C1564CDCF80090EC
:1046EC00B0FBF2F009EA04044445B0FBF1F00BD046
:1046FC0043F400534FF480586446CCF80080CCF857
:10470C0000302368002BFCDADFF8F4C0013ADCF847
:10471C00103003F00703934207D002F007026446FF
:10472C00CCF81020A36CDB03FCD4013989028EEA8F
:10473C00010313F4E05F0CD0314B2EF4E05E01F476
:10474C00E0511A4641EA0E0EC3F814E0936C990737
:10475C00FCD4394B39490344DB09A1FB0331090B68
:10476C00042928BF04214B1E1B028EEA030212F4FB
:10477C00407F07D02EF4407E03F44073204A43EA76
:10478C000E0353611E4B5C691A4624F000745C6185
:10479C00936C9B06FCD42A4B4FF0FF32294CBD4244
:1047AC00A3FB00E320604FEA9343274CB2FBF3F3E7
:1047BC00B0FBF1F1254A2160136008D2114B26F0B1
:1047CC001F061A462E43DE601368002BFCDABDE888
:1047DC00F08304293FF66FAF013101225BE7DFF86C
:1047EC007C806C231A4876E7122506E71948DFF817
:1047FC00708000FB03F043EA08086CE700A4781F04
:10480C0000C00F40000008400046C32300BA3CDC47
:10481C0023B24C001F85EB5100366E0100800D4019
:10482C0040300080FFB19F26808D5B00819F5E161B
:10483C0000B29F267F3001807FD1F0089F10E500E9
:10484C0083DE1B43D4050020D00500205812002025
:10485C0000643F4D001BB700362000806C200080A8
:10486C0000200080002857D001222DE9F04F85B0A0
:10487C0083462A4C2A4D2B4EDDE9028954E8003F31
:10488C002868336844E800210029F7D1264FCDE988
:10489C0002893A68D31A254A4FF47A7E0197126836
:1048AC000127A3FB02234FF47A72984600238B4214
:1048BC0008BF42452CBFC246F2460EFB00AA54E884
:1048CC00003F2A68316844E80073002BF7D1019847
:1048DC000068411A15484FF47A7E00680EFB02F20C
:1048EC00A1FB00014FF47A70CAEB0202884600214A
:1048FC00994208BF40452CBF434673461A44724543
:10490C0007D3BBF1010B0AF57A7AD8D105B0BDE813
:10491C00F08F02F04FF8D2E7704700BF84180020E8
:10492C005C12002054120020041000E058120020E9
:10493C0000010F4B1A181B5810B4D0685C68044265
:10494C0005D059B1C3F884005DF8044B70479368E7
:10495C0049B9084A5DF8044B1A607047C3F88800DF
:10496C005DF8044B7047044A5DF8044B1A607047BD
:10497C00280100203830010038F00100362801D819
:10498C00FFF7D6BF704700BFA4484FF00F0CA44BE5
:10499C00826F42F47F02F0B582670025D0F8802048
:1049AC004FF470469F4C4FF4604E29464FF480678D
:1049BC0014432A46C0F88040A3F88C6148F2B8260C
:1049CC00A3F88EC1A3F89051B3F8880180B240F0DF
:1049DC00F000A3F8880101EB4100914B0131002557
:1049EC0040011C4604290344A3F804E0DF805A84E8
:1049FC001A865A805A81DE815A82DA825A83DA8385
:104A0C00E9D1B4F888014FF00F0C874B4FF4704686
:104A1C0080B229464FF460472A4640EA0C004FF416
:104A2C00806EA4F88801B4F8880180B240F47060FC
:104A3C00A4F88801A3F88C6148F2B826A3F88EC1BB
:104A4C00A3F89051B3F8880180B240F0F000A3F8BD
:104A5C00880101EB4100744B0131002540011C46DB
:104A6C00042903449F80A3F806E05A841A865A80CE
:104A7C005A81DE815A82DA825A83DA83E9D1B4F818
:104A8C0088014FF00F0C694B4FF4704680B22946E9
:104A9C004FF460472A4640EA0C004FF4806EA4F8AD
:104AAC008801B4F8880180B240F47060A4F88801E1
:104ABC00A3F88C6148F2B826A3F88EC1A3F89051E4
:104ACC00B3F8880180B240F0F000A3F8880101EB44
:104ADC004100564B0131002540011C46042903447A
:104AEC009F80A3F806E05A841A865A805A81DE8188
:104AFC005A82DA825A83DA83E9D1B4F888014FF00A
:104B0C000F0C4B4B4FF4704780B229464FF4604664
:104B1C002A4640EA0C004FF4806EA4F88801B4F8E1
:104B2C00880180B240F47060A4F88801A3F88C71FD
:104B3C0048F2B827A3F88EC1A3F89051B3F88801B6
:104B4C0080B240F0F000A3F8880101EB4100384B33
:104B5C00013140011C46042903449E80A3F806E061
:104B6C005A841A865A805A81DF815A82DA825A8391
:104B7C00DA83EAD1B4F888310F27002241F201061A
:104B8C009BB245F6C05E114643F226053B43A4F8A2
:104B9C008831B4F888319BB243F47063A4F888313F
:104BAC005001244B01320344042A99815981DF813D
:104BBC009E82A3F806E0198019829D81F0D1002213
:104BCC000F2741F2010645F6C055114643F2260463
:104BDC005001194B01320344042A99815981DF8118
:104BEC009E82DD80198019829C81F1D100220F27D1
:104BFC0041F2010645F6C055114643F22604500118
:104C0C000E4B01320344042A99815981DF819E8223
:104C1C00DD80198019829C81F1D1F0BD00C00F405C
:104C2C0000C03D40000003FC00003E4000403E4000
:104C3C0000803E4000C01D4000001E4000401E4051
:104C4C0072B6EFF30583494D6B60EFF30883484C64
:104C5C002E4648484849494A246800680968126841
:104C6C002961AC60E8606A619A69454CAA61DB69AC
:104C7C00444FEB6100F0C8F885ED080A01F03AFFEB
:104C8C000B234FF0FF32686219462B604A402021FB
:104C9C0002F00103013904FB03F383EA5202F7D15A
:104CAC00BE4202D056F8041FF0E730498A62BFF3C7
:104CBC004F8F354B354A19601A60BFF34F8FBFF3D6
:104CCC006F8F334A0225334CD36E334943F4405330
:104CDC003248D3662560D36923F07F0343F0400349
:104CEC00D3610B6883423ED82A4A002101202C4E06
:104CFC0011604FF0FF33C2F808110C46C2F8006186
:104D0C001546C2F808010746DFF8C0E0254E2648D4
:104D1C002649274ACEF80030336003600B601360DD
:104D2C0001E000F099F9D5F80C211A4B002AF8D0C3
:104D3C000134C5F80C714F2CF3D91E4A02241E48BD
:104D4C004FF00041C0F840415163D3F80C2132B907
:104D5C001A491B4A0A63D3F80C010028FAD0194BE4
:104D6C00194A1A60FEE7FFF71BFCBDE780FF2720FE
:104D7C0028ED00E02CED00E034ED00E038ED00E033
:104D8C002083B8EDA4FF272070EF00E0A0FF2720C0
:104D9C0000C00F4000400840D4050020803DCD0BE2
:104DAC00009F240084E100E088E100E08CE100E059
:104DBC0090E100E000900D4000002E4000800F407C
:104DCC00F100AD0B0CED00E00400FA0580E100E011
:104DDC00094A08B5136820B118440849884202D81A
:104DEC001060184608BD01F01BFF0C224FF0FF337A
:104DFC000260184608BD00BFD8050020000028201E
:104E0C0030BFFDE7FFF71CBF12490B68114A5B0767
:104E1C00FBD513681049C3F30B23104A07EE903AE5
:104E2C000B6892ED006AB8EEE77A07EE903A0C4AFE
:104E3C00F8EE677A0B4BD2ED006A77EE677A93ED5A
:104E4C00007AB8EE477A67EE867A87EEA60A37EED6
:104E5C00400A704780810D407012002068120020BB
:104E6C006C12002064120020836BF0B41BB15368E9
:104E7C0043F40043536072B6446BDCB1144B2260B4
:104E8C00D3F8B0410C421FD1124D2F6804E02C68AE
:104E9C00E41BB4F5166F0BD2D3F8404144F48044B4
:104EAC00C3F84041D3F8B861D3F840416404EED55F
:104EBC00314209D10023064C8260C360D4F8B03172
:104ECC001943C4F8B0110263426362B6F0BC704778
:104EDC0000002E40041000E070B50646006B90B147
:104EEC000246002403E012680134012A0CD05368F6
:104EFC0013F08003F7D032632CB1B36B056898477D
:104F0C00013C2846F9D170BD33637363F4E700BFED
:104F1C00F0B5F0B9224C23490122234B00254FF068
:104F2C00011048F28007A1644FF480360A601A46DB
:104F3C00E5644F60C3F8BC01D3F8B0011B4C30439F
:104F4C008D60C3F8B0012660D2F8B031002BFBD1D4
:104F5C00F0BD0004164B144D0122114C40F08000A2
:104F6C00002614491A602A46E66001F5805E5860F6
:104F7C0001F50057A36001F54056D5F8B0019960D2
:104F8C0001F5804140F00100C3F80CE01F615E6147
:104F9C009961C5F8B001D2F8B031002BFBD1BAE75A
:104FAC00004000202030002000002E4088120020FD
:104FBC0000300020A0120020F0B5E1B9214C2249AC
:104FCC000020224B01224FF0011580260A601A4660
:104FDC00A1604E60E060C3F8BC51D3F8B0411C4DE9
:104FEC0044F001048860C3F8B0412860D2F8B031B5
:104FFC00002BFBD1F0BD0904164B144D0126114CAE
:10500C0041F0800100221E60596000F5805CE26472
:10501C0000F5005EA36400F54057D5F8B01100F51B
:10502C0080462A46986041F48031C3F80CC0C3F81E
:10503C0010E05F619E61C5F8B011D2F8B031002B61
:10504C00FBD1BCE7004000202030002000002E40A7
:10505C0088120020003000202DE9F04FBE4C87B0A4
:10506C00D4F84471FD07C4F8447159D5D4F8AC3167
:10507C00002B50D04FF0011ADFF8F882B74E2546BE
:10508C00D146C4F8AC31B26AF16AD4F8403143F479
:10509C000053C4F84031D4F840319804F5D5D5F814
:1050AC00403123F40053C5F84031C5F8B491D4F81D
:1050BC00B43113F00113FAD190B2C8F80030049255
:1050CC00B0F5086F059100F0C78140F2A58042F25F
:1050DC00213E704500F06A8100F21B8140F6013ED2
:1050EC00704500F03E8200F25381B0F5106F00F075
:1050FC007E8140F68123984207D1BDF81430042BF1
:10510C0000F01883052B00F0E582C4F8C0A1D4F898
:10511C00AC31002BB5D1904BD3F8BC41002C46D10F
:10512C007C0618D58C4BD3F8AC111A46C3F8AC11CD
:10513C00D3F8BC11C3F8BC11D2F8B041864B002C8B
:10514C00FAD14FF0FF32C3F8B421D3F8843100F018
:10515C0087FE834B1C60FD0103D5824B1B6803B19A
:10516C009847BC0103D5804B1B6803B1984778075F
:10517C0008D5794BD3F8843113F4007349D07B4BA9
:10518C0001221A70744BD3F8482111060CD53A063B
:10519C000AD577490A782AB1013AD2B20A70002AA4
:1051AC0000F0F58200F032FD07B0BDE8F08F714AD7
:1051BC00C3F8BC4111680C4240F01882684B1D6862
:1051CC002540ADD05FEA154810D0644E4FF0010970
:1051DC0098FAA8F4B4FA84F406EBC41009FA04F4AF
:1051EC004030FFF779FE38EA0408F1D1ADB2002D5A
:1051FC0096D05A4E4FF0010895FAA5F4B4FA84F4FF
:10520C0006EBC41008FA04F4FFF766FEA543F3D1CD
:10521C0086E7564A1370B5E740F2023E704500F03F
:10522C00748129D8B0F5817F00F0278100F20B82C0
:10523C00802800F01A8182287FF467AFBDF8142013
:10524C0002F07F03072B3FF660AF9B004A494B48A7
:10525C004FF0000E19440B68110680F800E080F83E
:10526C0001E000F1F981DB0701D501230370022174
:10527C004248FFF7A1FE4AE7B0F5A06F00F0298184
:10528C0040F2CD81A0F5D06001283FF63EAF3C4BFB
:10529C00596800293FF439AFBDF81200BDF814E08D
:1052AC0004E00C33596800293FF42FAF1A8882426E
:1052BC00F7D15A887245F4D1020A032A00F06082B1
:1052CC001A89BDF81630934228BF1346B0F5007FFB
:1052DC0000F01E82B0F5E06F00F00582DFF8A8B098
:1052EC001A4601935846FFF78DF8019B2BF01F02CD
:1052FC009B44BFF34F8F23490A6020329345FAD861
:10530C00BFF34F8FBFF36F8F1F481946FFF754FE43
:10531C00FDE648F2A123984200F04D8100F2428153
:10532C0048F2A113984200F0468148F2A213984229
:10533C007FF4EBAEBDF81630022B7FF6E6AE134BC6
:10534C004420AC21002218701846597003219A7021
:10535C00FFF732FEDBE600BF00002E4000400020CD
:10536C007812002074120020801200208412002079
:10537C008C12002088120020C0012E4098120020B0
:10538C009804002070EF00E040102020A0120020B4
:10539C0042F2210398421FD042F2212398427FF41B
:1053AC00B4AEBDF81430002B00F01781B94B80223D
:1053BC0000210120B36418605A60F164C4F8BCA1E8
:1053CC00D4F8B021996042F48033C4F8B031D4F8E9
:1053DC00B031002BFBD19AE6BDF8160007287FF4FC
:1053EC0094AEAD4B1A605960FFF792FD8FE69DF8B5
:1053FC0012E04FF0C812A9494FF0C410019381F884
:10540C0000E0A749DFF8C8E2C5F8C8E1C5F8CC212F
:10541C00C5F8D021C5F8D401C5F8D81100F022FD8B
:10542C0000F08AFB01F014FA9A4A019B80210120BA
:10543C00B26451601060F364C5F8BCA1D5F8B0112A
:10544C00936041F48032C5F8B021964A1360D4F8C9
:10545C00B031002BFBD15AE6904A0121924B1278C5
:10546C0018461A70FFF7A8FD51E68F4A0221104624
:10547C0013705370FFF7A0FD49E6BDF8142002F03D
:10548C007F03072B3FF641AE12F0800F4FEA8303E8
:10549C00864A4FF000014FF001001A44136814BF04
:1054AC0023F4803323F0010313608022794BF164E1
:1054BC00B36418605A60C4F8BCA1D4F8B0219960E8
:1054CC0042F48033C4F8B031D4F8B031002BFBD1A6
:1054DC001DE6704A80210120F364B26410605160B3
:1054EC00C5F8BCA1D5F8B011936041F48033C5F870
:1054FC00B031D4F8B031002BFBD1BDF812305B06C3
:10550C0043F08073C5F8543101E6BDF8142002F065
:10551C007F03072B3FF6F9AD12F0800F4FEA8303A0
:10552C00624A4FF000014FF001001A44136814BF97
:10553C0043F4803343F0010313608022554BF16434
:10554C00B36418605A60C4F8BCA1D4F8B021996057
:10555C0042F48033C4F8B031D4F8B031002BFBD115
:10556C00D5E5BDF81420042A7AD0052A7FF4CDADF8
:10557C00BDF812E080214E4A0120F36482F800E06D
:10558C00444AB26410605160C5F8BCA1D5F8B011A2
:10559C00936041F48033C5F8B031D4F8B031002BAE
:1055AC00FBD1B4E548F2A133984204D048F2A143B0
:1055BC0098427FF4AAADBDF81630082B3FF6A5AD86
:1055CC0003AA3C4904A801F0A1F900283FF49DADC1
:1055DC0003993848FFF7F0FC99E5374A374B1168C7
:1055EC009DF812201960364B1A70DFE62A4942F2F8
:1055FC0021004FF0000E0D68C2F800E0AEB2496811
:10560C00864200F099802F4B9D4203D02E4B9D4239
:10561C007FF4D4AD2749204801F0AEF9CEE540F235
:10562C002133984204D040F2214398427FF46DAD6F
:10563C00BDF8160008283FF668AD174B1A60596084
:10564C00FFF766FC63E540F221139842F0D040F27C
:10565C0021239842ECD058E5DA033FF506AE06E676
:10566C00BDF812E08021194A0120F36482F800E0B1
:10567C00084AB26410605160C5F8BCA1D5F8B011ED
:10568C00936041F48033C5F8B031D4F8B031002BBD
:10569C00FBD13CE52030002090120020A812002005
:1056AC000200C4008812002098120020C0012E4075
:1056BC0020180020A01200205C120020884300203B
:1056CC00681500202101010221010001B5170020FD
:1056DC000200CC00354A364B0121127818461A705C
:1056EC00FFF76AFC13E533481A46DFF8D4B090F89C
:1056FC0000E0314931480193BEF1000F08BF01466B
:10570C005846FEF77FFE0722019B8BF80120EDE542
:10571C0028481A46294990F800E027480193BEF121
:10572C00000F08BF01462648FEF76CFEDFF890B06C
:10573C00019BDBE5234ACEE78AB2002A7FF463AFF4
:10574C001B49214A03C90E0C862810609180967162
:10575C007FF459AF72B61D490A7842F040020A70C4
:10576C00D3F84821160606D442F080028021C3F8F3
:10577C004411C3F8482162B6154B50221A7042E707
:10578C000A78BDF81630934228BF1346A2E50F499C
:10579C000A7802F0BF020A702AB9D3F8482122F025
:1057AC008002C3F8482101F017FF00BF2018002029
:1057BC00A012002084120020A0210060F8220060BA
:1057CC0040102020B5170020804300207C120020C0
:1057DC008C1200200123084A03FA00F0137823EA04
:1057EC000000107030B9054AD2F8483123F080031C
:1057FC00C2F84831704700BF7C12002000002E40D8
:10580C00002AA0F102022DE9F04714BF00274FF047
:10581C000057042A01D9BDE8F0874FEAC01ADFF817
:10582C0040900D4604460AEB09060021402298469A
:10583C00304601F0E3FC012047EA05414AF8091023
:10584C00C6F83880B060B8F1000FE4D0034BA0402C
:10585C001C6820431860BDE8F08700BF7812002058
:10586C0000400020002AA0F102022DE9F04714BFED
:10587C0000274FF00057042A01D9BDE8F0874022D9
:10588C00C501DFF8449088461544002104461E46A5
:10589C0005EB090A504601F0B1FC012247EA084128
:1058AC0045F80910CAF83860CAF80820002EE4D070
:1058BC0004F11000034B8240186802431A60BDE8E3
:1058CC00F08700BF78120020004000202DE9F0473F
:1058DC00551E022D02D8841E042C01D9BDE8F08778
:1058EC004FEAC01ADFF8409014460E460AEB09083E
:1058FC0040220021054640461F4601F07FFC012056
:10590C00A20742EA06414AF80910C8F83870C8F8EC
:10591C000800002FE2D0034BA8401D6828431860F4
:10592C00BDE8F08778120020004000202DE9F047F8
:10593C00551E022D02D8841E042C01D9BDE8F08717
:10594C0014464FEAC0184022DFF844A00E46054624
:10595C00904400211F4608EB0A09484601F04EFC12
:10596C000123A20742EA064148F80A10C9F8387028
:10597C00C9F80830002FE1D0044905F110000A687D
:10598C00834013430B60BDE8F08700BF7812002002
:10599C000040002012048160C36142F08002F0B428
:1059AC004260012701F5805601F5005501F5405480
:1059BC0001F580420760C660056144618261F0BCFC
:1059CC00704700BF831E042B00D9704730B4064BC0
:1059DC0000F1100401250A4603EBC01005FA04F18E
:1059EC0030BCFFF741BA00BF40400020831E042B9F
:1059FC0000D9704710B4054B01240A4604FA00F193
:105A0C0003EBC0105DF8044BFFF72EBA00400020EA
:105A1C00124A134BD2F8200220F07F40984210B566
:105A2C0084B002D800EB800040000E4C01A90A2281
:105A3C0001F038F801A90023204611F8012B01339D
:105A4C003AB10A2B20F8022FF7D11623237004B099
:105A5C0010BD5B00DBB2237004B010BD00441F40CE
:105A6C007F969800F0050020F8B514494FF40037E4
:105A7C00134D034601EB4024124E134A05EB40151F
:105A8C002146176028463288FFF784FF318824F0BE
:105A9C001F032144BFF34F8F0C4A136020339942EC
:105AAC00FBD8BFF34F8FBFF36F8F04202946FFF74E
:105ABC009DFF074B4FF400321A60F8BDA011202057
:105ACC00C0120020AA1200208CE100E05CEF00E084
:105ADC000CE100E042684FF6FC731149C2F30E4230
:105AEC00C06909888A1A1340BBB1002170B40D4DEE
:105AFC000D4C2A7824F8101001320C4C0C4E062A4E
:105B0C0026F8103094BFD1B20A4629702168094D8D
:105B1C000B44A854236070BC7047FFF7A5BF00BFAF
:105B2C00AA120020B0120020841300208013002041
:105B3C00B412002024140020F8B5254B1B78002B40
:105B4C003ED04FF40073234F234A1E463B801380F4
:105B5C000021802221480D46214C01F04FFB214BA6
:105B6C002946C022204825702C461D8001F046FB9A
:105B7C003146DFF894E01D4B2A461D4E04208EF86A
:105B8C0000501D701B4B35601B4E1D605D609D6091
:105B9C0035601A4B7560B560FFF732FE2B462A460E
:105BAC0039880420FFF75EFE20460134FFF75CFFC6
:105BBC00062CF9D100231249124A0B701370F8BD50
:105BCC004023054A034F1E4613803B80C0E700BFAD
:105BDC0084120020AE120020AA120020A013002074
:105BEC0020140020AC120020C0120020B2120020A1
:105BFC0080130020B412002084130020853600008E
:105C0C00B3120020B1120020B01200202DE9F8438D
:105C1C001E4B1D7815B91E4F3A880AB9BDE8F8839A
:105C2C00DFF880902B461B4C99F800601A491B48F2
:105C3C0004EB461801EB4624B0F800E04046214640
:105C4C00C2EB0E02FFF7A6FE24F01F0304F5007151
:105C5C00BFF34F8F124A136020339942FBD8BFF326
:105C6C004F8FBFF36F8F013604204146FFF7AAFE1A
:105C7C00032E4FF000034FF0020098BFF5B23B80AB
:105C8C0089F80050BDE8F843FFF7A4BDB11200201D
:105C9C00AC120020A0130020A01D2020AE1200206A
:105CAC0070EF00E020140020F8B514494FF40037D1
:105CBC00134D034601EB4024124E134A05EB4015DD
:105CCC002146176028463288FFF764FE318824F09D
:105CDC001F032144BFF34F8F0C4A136020339942AA
:105CEC00FBD8BFF34F8FBFF36F8F03202946FFF70D
:105CFC007DFE074B4FF400321A60F8BDA025202022
:105D0C00401400204E1500208CE100E05CEF00E018
:105D1C000CE100E0244A43682DE9F041C3F30E4343
:105D2C001488C569E41A002C38DD2049204A0B7808
:105D3C001278DBB21F48204E934207D010F8038034
:105D4C0036F81870C7F50072944212D9013300224C
:105D5C001A4F082B26F8154027F81520184E94BF1B
:105D6C00DAB213460A703268C55414443460BDE884
:105D7C00F081144B07EB48202246274403EB4521C6
:105D8C001844FEF73FFB0E4A284626F81870136895
:105D9C001C441460BDE8F041FFF786BF2846BDE8FF
:105DAC00F041FFF781BF00BF4E15002064150020A5
:105DBC004015002044150020501500202C14002004
:105DCC0060150020A02520201E4B1A785AB902F02D
:105DDC00FF031D4A127832B12DE9F0411B4D2A8880
:105DEC0012B9BDE8F0817047194EC2F50068194F21
:105DFC0031784246184C07EB411704EBC124384666
:105E0C002146FFF7C7FD08EB040224F01F01BFF386
:105E1C004F8F124B196020318A42FBD8BFF34F8F42
:105E2C00BFF36F8F03203946FFF7CCFD3378084A58
:105E3C000133DBB2032B88BF0023137000232B80AC
:105E4C00BDE8F0813E140020A81200206615002049
:105E5C003F14002080150020A035202070EF00E0BA
:105E6C00704700BF314B2DE9F0411B78304F002BB0
:105E7C0054D04FF40073DFF8EC803B80A8F800306E
:105E8C00002180222B480D462B4E01F0B7F92B4CEC
:105E9C002B4B29464FF480722A4825702C461D80C6
:105EAC0001F0ACF935602B4675602A46B560F5609B
:105EBC002549264E2648DFF8B0E00D7010210570FC
:105ECC00022035607560B560F560CEF80050FFF7C4
:105EDC00C9FCB8F800102A461E4B0320FFF790FCB3
:105EEC002B46398801220320FFF7BCFC20460134E5
:105EFC00FFF7DAFE082CF9D1174B4A22174800217C
:105F0C00174C0460C3F88410C3F88020D3F84821E0
:105F1C0042F08072C3F84821BDE8F0814023DFF8DD
:105F2C0044803B80A8F80030AAE700BF8412002010
:105F3C003C14002080150020501500203F14002038
:105F4C006615002040140020641500202C1400203D
:105F5C0040150020C538000000002E4074120020AF
:105F6C00793900004E15002060150020014B18688F
:105F7C00704700BF60150020F8B5154B154D1C6817
:105F8C002E6814B915E064699CB1237A002BFAD001
:105F9C00236820462F681B6898472B68E188DB1B19
:105FAC009B099AB28B42A28088BFE2806469002C64
:105FBC00EBD1084B084A1B6810889B1B074C9B09AC
:105FCC0099B28342218000D91180BFF34F8FF8BD65
:105FDC0004160020041000E0021600208216002097
:105FEC00F0B472B6234F244E3C8806F1700306EBD6
:105FFC008400984213D256F82410A1B9021D06F160
:10600C007305631CAD1A03EB950502E052F8041BF3
:10601C0049B9AB421C46104603F10103F6D162B6F6
:10602C000020F0BC7047B1FA81F24FF00043D3402E
:10603C0021EA0301016001B90134104B3C8019883D
:10604C0001318DB21D8062B6801B41F67C730C4C05
:10605C00012780100B4E2468C2EB401202EB821217
:10606C0092001344E754E0183388994288BF358076
:10607C00F0BC70477E160020081600208016002009
:10608C007816002000160020428872B60378012B87
:10609C0003D9013B037062B67047D1434FF0004007
:1060AC00521101F01F0130B4094C20FA01F1094DD5
:1060BC0054F8223028880B43824244F8223038BFEF
:1060CC002A80054A1388013B138062B630BC7047A6
:1060DC00081600207E16002080160020C368B3B17D
:1060EC0030B401E0DB688BB1187A9042FAD1586871
:1060FC005C7A006950F82450002DF3D140F824103C
:10610C00087801300870DB68002BEDD130BC70478B
:10611C00437A8B4206D90369002253F8210043F8D5
:10612C002120704700207047037C23BB4368427AD0
:10613C005B7A9A421FD830B472B60468E3682BB30A
:10614C00DA6832B119688C4216D01346DA68002A24
:10615C00F8D1D86000220123C260A27A1A44A2723C
:10616C000268416813728A7A1A448A7242681372FE
:10617C00037462B630BC70475D6841688D42E4D1EF
:10618C00198903899942F4D01346DFE7E060E1E70F
:10619C00037C10B5002B32D04368427A5B7A9A426A
:1061AC002DD872B60268D36843B3984202D129E065
:1061BC00984202D0DB68002BFAD143680446417A3E
:1061CC001B6953F8210048B1FFF75EFF72B6636894
:1061DC000021627A1B6943F822102268937A013BF2
:1061EC00937223689A7A02B91A726268937A013BA5
:1061FC00937263689A7A1AB10023237462B610BD45
:10620C001A72F9E7C368D360D7E700BF0A4B1A7854
:10621C007AB90A4A0A4930B4C2F85811094CD02547
:10622C004020012208492570086010461A7030BCC5
:10623C0070470020704700BF7C1600200020002013
:10624C00293B000046E400E008E100E0F0B472B63F
:10625C0089B902687AB103790F2B0CD81F4C2188AD
:10626C0041FA03F5ED0708D51D4D1D44B2EB451F52
:10627C0003D162B60EE0194C2188002341FA03F2D7
:10628C0012F0010208D00133102BF7D162B60022B4
:10629C0003710260F0BC704701259D4029432180A9
:1062AC0062B6104EDCB20E4940F2824704711944BA
:1062BC00F56F4B0145F0C0050B49F5670F608C7607
:1062CC008C770C76CC7703601A605A609A60DA602F
:1062DC001A615A619A61DA61F0BC70478416002029
:1062EC008074000200C00F4000800E4003790F2B19
:1062FC0010D8094A937672B608490123027903FA39
:10630C0002F20B8823EA02030B8062B610220023F0
:10631C0002710360704700BF00800E40841600209D
:10632C0010B4EFF3108272B6437F33B9017F0129A9
:10633C0008D0032910D00123437702B962B65DF867
:10634C00044B7047114C2168A1B1114943610B6892
:10635C00086083615861EEE70E4C216881B10E49EB
:10636C0043610B680860836158610C4B4FF080519E
:10637C001960E0E7064B4161816120601860DAE743
:10638C00054B4161816120601860EEE79416002096
:10639C0090160020881600208C16002004ED00E0DA
:1063AC0070B5EFF3108172B60C4C23688BB10C4EA8
:1063BC0000255A6922607AB1956101B962B65D77A0
:1063CC0018469B689847EFF3108172B62368002B30
:1063DC00EFD101B962B670BD3260EEE788160020CD
:1063EC008C160020FFF7DCBF044A054B1168054AE8
:1063FC001960136801331360704700BF041000E08C
:10640C00541200205C12002008B5FCF765F8FCF76C
:10641C0085F800F0CFFAFAE7F8B50E4671B17AB10B
:10642C000746144600253B68384616F8011B1B68C6
:10643C009847013C0544F6D12846F8BD0846F8BDFE
:10644C001046F8BD00EB83039842F0B509D32CE05D
:10645C0050F8044B250C834221F8024B22F8025BC6
:10646C0023D98C07F4D4A3F1080E704513D250F83D
:10647C00086B114C50F8047CB5B2704504EA070463
:10648C0045EA074544EA164441F8045B42F8044BDC
:10649C00EDD383420ED950F8044B250C834221F8DE
:1064AC00024B22F8025BF6D8F0BDA3F1080E704542
:1064BC00DDD3F0BDF0BD00BF0000FFFF124900238B
:1064CC00124A1348126870B50D78124C124E22FA0B
:1064DC0005F5214632782560FFF75CFA317824F017
:1064EC001F032144BFF34F8F0C4A13602033994292
:1064FC00FBD8BFF34F8FBFF36F8F05490620BDE864
:10650C007040FFF75FBA00BFE4170020B8160020F8
:10651C00C0160020A0552020B016002068EF00E027
:10652C00544B01222DE9F04FB3F8008083B0524B4D
:10653C008608DFF858B1C2461A70DBF800404F4BA2
:10654C001D68002C53D0002D5AD0002E61D0C8F1FC
:10655C008007BE42C0F08880494BDFF8348101933C
:10656C00DFF820910FBBD8F80030002B3CD1D9F8C4
:10657C0000204B46002A37D1C8F800401D60FFF7B9
:10658C002FFD044600284AD0FFF72AFD05460028B7
:10659C004ED03A4BCBF800401860002E38D07F2EEE
:1065AC004FF0000A4FF080074ED94FEA4A0E2A1DD1
:1065BC00211D3B46724401987144F61BFFF742FFC4
:1065CC00019AD8F8003002EB8702019223B9D9F86E
:1065DC0000202C4B002ACFD05744264B1F801EB1D5
:1065EC00294A13680133136003B0BDE8F08FFFF73D
:1065FC00F7FC04460028F7D0CBF80000002DA4D1FE
:10660C00FFF7EEFC05460028EED01C4B18609CE70B
:10661C00B046184BA3F8008003B0BDE8F08F174BC1
:10662C00CBF800001860134B188003B0BDE8F08F56
:10663C002046FFF729FD114BCBF800501D600D4B88
:10664C001D8003B0BDE8F08FD04657462A1D211D92
:10665C00334601983A443944FFF7F4FE4644054B5F
:10666C001E8003B0BDE8F08F054B4FEA480701933D
:10667C00ECE700BF28180020B4170020E01700201A
:10668C00C0552020A816002024180020E817002050
:10669C00EC17002010B538B1114B5868C0F30E4000
:1066AC00C0F1B400FFF73CFF0E4C0023B4220C48A1
:1066BC002146FFF76FF924F01F0304F1B401BFF377
:1066CC004F8F094A136020339942FBD8BFF34F8F89
:1066DC00BFF36F8F02490520BDE81040FFF786B964
:1066EC00C0170020C05520205CEF00E0374A13682B
:1066FC000133092B2DE9F04F83B054D813604FF0C0
:10670C002C0AB02301934FF000083149DFF8D4B0C4
:10671C00D1F800C0C8EB0A03BCF1000F4AD0BBF89B
:10672C0000E00CF104052B4A4FEA8806CEF18000FC
:10673C0014684FEA4E02984204F10407154428BF2E
:10674C001846174468B1043E234B02461E4437F9E1
:10675C00029B013A35F8023B43EA094346F8043FF1
:10676C00F5D186448044BEF17F0F07D8ABF800E02A
:10677C00C245CDD8019803B0BDE8F08F60460091BA
:10678C00FFF782FC2046FFF77FFC00231348144AD6
:10679C000568146800990360ABF8003013600D4B6A
:1067AC000D601C60E4E70023B4214FF02D0A019129
:1067BC001360A8E71C46084B6146A20003EB480097
:1067CC0000F01CFD019803B0BDE8F08F0806002016
:1067DC009C160020A016002000170020B4160020E4
:1067EC00A4160020E0160020F8B5FFF77FFF124931
:1067FC00054612480968002306782A46104C21FAEF
:10680C0006F6104F214610483E60FFF7C3F82819D2
:10681C0024F01F01BFF34F8F0C4B196020318842BD
:10682C00FBD8BFF34F8FBFF36F8F07490520BDE82F
:10683C00F840FFF7C7B800BFB8160020E4170020D7
:10684C0000170020A05520200018002070EF00E059
:10685C000023214A2149224810B513600B60214ABC
:10686C00214903781160214C83BB0321204B0A2260
:10687C0021701A70202200211E4800F0BFFC1E4B14
:10688C000122B4210520FFF721F80020FFF702FFB9
:10689C0020220021194800F0B1FC2178184B01226C
:1068AC000620FFF743F80020FFF708FE2022002106
:1068BC00144800F0A3FC0520134B0122B421FFF770
:1068CC0035F80020BDE81040FFF78EBF0421084BBF
:1068DC00082221701A70CDE7AC1600202418002075
:1068EC0084120020B81600209A99192CB01600209A
:1068FC00E4170020C017002045420000C0160020FD
:10690C006D40000000180020994300000378A12B73
:10691C0001D000207047C378012B12D0022BF8D184
:10692C004378812B1BD0822B20D0832B12D0842B2D
:10693C00EFD10120002308704B700223012013605B
:10694C00704710B40B4C184664680C7013605DF8FB
:10695C00044B7047FF20002308704B70EDE7054B8C
:10696C00986808709B681B124B70E6E700230B704D
:10697C004B70E2E70C0600200378212B01D000209D
:10698C007047C3784278012B09D0022BF7D1012A2A
:10699C00F5D109781046064B99601A607047012AA8
:1069AC00EDD109781046024B59601A60704700BF50
:1069BC000C0600202DE9F843324E337893B1324F58
:1069CC003A787AB90122D9073A7037D49A0719D490
:1069DC0000225B073A7005D52C4B1A6812B1EFF305
:1069EC0005820AB1BDE8F883EFF3108072B61A681D
:1069FC001AB1274C217800292FD00028F2D162B689
:106A0C00BDE8F883DFF8948098F80020002ADFD0E6
:106A1C000024DFF88C9005E0013498F80030E4B2E3
:106A2C00A34213D959F824502B6828461B69984760
:106A3C000028F1D06B699B689847EDE7FFF796FA51
:106A4C00D0B9144B1B781BB93378BFE73378BFE749
:106A5C00337803F0FE033370B8E7012655692670CE
:106A6C001D6065B1A96100B962B600259368104636
:106A7C00557798472570B5E700F0C4F8E1E7064B69
:106A8C001D60F0E7180600202A180020941600203C
:106A9C00981600205A240060901600204C180020F4
:106AAC002C180020F0B44E1E0025374600E00135AE
:106ABC00B0FBF2F302FB130000F13704092800F1DC
:106ACC003000E4B298BFC4B2184607F8014F002B4F
:106ADC00EDD14A1953704DB1013316F8014F1778A7
:106AEC00E81A3770834202F80149F5DB0846F0BC1E
:106AFC00704700BF0A4B30B4586A1C46996A626AE8
:106B0C00A36A994208BF9042104619460CBF012552
:106B1C000025002DF3D0D90B30BC41EA4240704720
:106B2C0000400D4008B503684268BBB17AB1104B08
:106B3C00A3FB0213DB0803EB4303B2EB830303D089
:106B4C00D21A4260F02A02D90123184608BD00F07F
:106B5C0067F81C2200230260184608BD044BA3FBF7
:106B6C000213DB0803EB4303B2EB8303E8D1E9E741
:106B7C00ABAAAAAA70B5044600283AD019B1B2FA49
:106B8C0082F56D09FDB1206808B1626832B900F078
:106B9C0047F8162300220360104670BD1849A1FB6C
:106BAC000231C90801EB4101B2EB8101EFD1A368BD
:106BBC000BB100F023FB002301222360104663601D
:106BCC00A360E36070BD1E46049B80E80600C360B2
:106BDC00FFF7A8FF02460028DED016B901221046A6
:106BEC0070BD94E80500A660294600F007FB012261
:106BFC00D2E700F015F8162322460360CCE700BF5D
:106C0C00ABAAAAAA704700BF0B460146184600F073
:106C1C0001B800BF13460A460146022000F052BBE1
:106C2C00014B1868704700BF480A002070B50F4E22
:106C3C000F4D761BB61018BF002405D0013455F843
:106C4C00043B9847A642F9D10A4E0B4D761B00F037
:106C5C00CBFCB61018BF002406D0013455F8043B09
:106C6C009847A642F9D170BD70BD00BF08200060E6
:106C7C00082000607C20006008200060024B014668
:106C8C00186800F003B800BF480A00202DE9F04F47
:106C9C0001F10B05162D83B0064640F29F8035F0AE
:106CAC00070500F1BF80A94200F2BC8000F0F4FAA5
:106CBC00B5F5FC7FC0F09C826B0A00F0BA80042B07
:106CCC0000F28381A80900F1390E4FEA4E033830E7
:106CDC00C44F07EB8303A3F108015C68A14207D101
:106CEC00ACE0002A80F2AC80E468A14200F0A680FF
:106CFC00636823F003035A1B0F2AF2DDB9493C6980
:106D0C0001F1080E744500F0B381636823F00303AE
:106D1C005A1B0F2A00F39981002AC1F814E0C1F81C
:106D2C0010E080F29E80B3F5007F80F06781DB0875
:106D3C0003F1010C01229B1002FA03F34A6851F88B
:106D4C003C80C4F8088001EBCC091A43A9F1080374
:106D5C00E3604A6041F83C40C8F80C4083100124C1
:106D6C009C40944200F28A80144206D120F0030029
:106D7C006400144200F10400FAD007EBC009CC46C1
:106D8C008046DCF80C108C4507D173E1002A80F2A8
:106D9C008181C9688C4500F06D814B6823F0030339
:106DAC005A1B0F2AF2DD0C46D1F80CC054F8088F90
:106DBC004B1945F001054D6042F00101C8F80CC0BB
:106DCC003046CCF808807B613B61C3F80CE0C3F81B
:106DDC0008E059609A5000F061FA1FE0102921D8A0
:106DEC0000F05AFA1025062302207E4F07EB83038E
:106DFC00A3F108025C68944200F045816368E16885
:106E0C00A56823F00303234430465A68E96042F036
:106E1C0001028D605A6000F041FA0834204603B03C
:106E2C00BDE8F08F00240C232046336003B0BDE88E
:106E3C00F08F80234FF0400E3F2049E770465DE70E
:106E4C002344E1685A68A56842F00102E9603046C3
:106E5C008D605A6000F022FA0834204603B0BDE879
:106E6C00F08F234430465A6842F001025A6000F019
:106E7C0015FA0834204603B0BDE8F08FBC6863688F
:106E8C0023F00308A84504D3C5EB08030F2B00F32C
:106E9C008C80554BDFF860911A68D9F800300133BB
:106EAC002A4404EB080A00F0608102F580520F328C
:106EBC0022F47F6222F00F0211463046019200F05C
:106ECC00EFF9B0F1FF3F8346019A00F058818245FB
:106EDC0000F2FC80454B1968DA451144196000F04A
:106EEC005381D9F80000DFF810E101301BBFCAEB69
:106EFC000B0A5144CEF800B019601BF0070100F0EA
:106F0C001781C1F10800C1F58051834408315A44FE
:106F1C00C2F30B02C2EB010949463046019300F063
:106F2C00BFF9431C019B00F03F81CBEB00024A44AC
:106F3C0042F001021968C7F808B04944BC42CBF8CA
:106F4C0004201960DFF8A49016D0B8F10F0F40F2AE
:106F5C00FD806268A8F10C0323F00703E01802F02F
:106F6C0001024FF0050E1A430F2B6260C0F804E0CB
:106F7C00C0F808E000F21C811D4BBC681A689142F5
:106F8C0088BF19601B4B1A689142626888BF1960F0
:106F9C0022F003029542A2EB050301D80F2B04DC6F
:106FAC00304600F07BF9002438E7621943F0010306
:106FBC0045F0010565603046BA60536000F06EF92B
:106FCC000834204603B0BDE8F08F142B71D9542B34
:106FDC0000F2A480280B00F16F0E4FEA4E036E30C6
:106FEC0076E600BF4C0A0020581800205C180020E0
:106FFC005418002050180020580E00205A0A042A59
:10700C005ED9142A00F2B38002F15C0149005B32B4
:10701C0007EB810C57F82110DFF8DC81ACF1080C80
:10702C008C4500F088804A6822F00302934202D219
:10703C0089688C45F7D1D1F80CC07A68C4F80CC0BB
:10704C00A160CCF80840CC6088E6631942F00107D7
:10705C0045F00105656030464B610B61C3F80CE0EF
:10706C00C3F808E05F609A50083400F017F9D5E6D1
:10707C004A6873E608F1010818F0030F0CF1080CCC
:10708C007FF47FAE30E0DC68A34208BF02303FF4EF
:10709C0035AEB3E60B440C465A68C96854F8085F21
:1070AC0042F001025A603046E9608D6000F0F6F85B
:1070BC00B4E603F15C0E03F15B004FEA4E0307E606
:1070CC009A0902F1390149003832A1E7BC424A4B16
:1070DC003FF400AF9C68626822F003025AE759F84B
:1070EC000839994540F0828010F0030F00F1FF3011
:1070FC00F5D17B6823EA04037B6064009C423FF675
:10710C00BDAE002C3FF4BAAE1C4240467FF435AE07
:10711C0064001C4200F10400FAD02EE6B3F5AA7FFD
:10712C0018D8E80B00F1780E4FEA4E037730CFE514
:10713C004FF48051EBE60121D8F80430921001FA9B
:10714C0002F21A43C8F80420614677E70123CBF812
:10715C00043025E740F25452934220D8A80C00F199
:10716C007D0E4FEA4E037C30B2E51032A4E6542A71
:10717C0026D81A0B02F16F0149006E3248E7BC6841
:10718C00626822F0030205E7CAF30B0000287FF4C3
:10719C00A8AE4244BB6842F001025A60ECE6FE2302
:1071AC004FF07F0E7E2093E501224FF00009C1E6DF
:1071BC0004F10801304600F025F9D9F80010DBE69F
:1071CC00B2F5AA7F05D8DA0B02F1780149007732C3
:1071DC001EE740F254518A4205D89A0C02F17D0107
:1071EC0049007C3214E7FE217E2211E77B6884E79C
:1071FC00E808431C5B00F8E54C0A002070B48407D7
:10720C0046D0541E002A41D0CDB2034602E0621E85
:10721C00E4B3144603F8015B9A07F8D1032C2ED97A
:10722C00CDB245EA05250F2C45EA054519D903F1E0
:10723C0010022646103E0F2E42F8105C42F80C5CF1
:10724C0042F8085C42F8045C02F11002F2D8A4F196
:10725C00100222F00F0204F00F041032032C13441E
:10726C000DD91E462246043A032A46F8045BFAD886
:10727C00221F22F003020432134404F003042CB145
:10728C00C9B21C4403F8011BA342FBD170BC70476C
:10729C0014460346C2E700BF704700BF704700BFEB
:1072AC0038B5074C0023054608462360FDF790FDD2
:1072BC00431C00D038BD2368002BFBD02B6038BD9D
:1072CC008C4300202DE9F047254C2568D5F8484122
:1072DC000646884692469946C4B360681F2817DC58
:1072EC00431C76B104EB80050122C5F888A0D4F8C4
:1072FC00881182401143022EC4F88811C5F80891F8
:10730C001ED00230636044F820800020BDE8F08776
:10731C00144B03B34FF4C870FFF7B0FC0446D0B164
:10732C00D5F84831002780E88800C5F84841384630
:10733C000123C4F88871C4F88C71002EE1D0D1E718
:10734C00D4F88C110A43C4F88C21DAE705F5A6743D
:10735C00C5F84841C1E74FF0FF30BDE8F08700BFEA
:10736C00040500202D480000F8B5234F0C460646B6
:10737C00FFF792FFBB685D6825F00305291B01F63A
:10738C00EF7121F47F6121F00F01A1F58054B4F568
:10739C00805F07DB00213046FFF782FFBB682B4480
:1073AC00984204D03046FFF779FF0020F8BD6142C7
:1073BC003046FFF775FF01300DD0104BBA681968D5
:1073CC002D1B45F001053046091B55601960FFF770
:1073DC0065FF0120F8BD00213046FFF761FFBA6858
:1073EC00831A0F2BDEDD064C0449246843F001039D
:1073FC00001B53600860D5E74C0A00205C18002085
:10740C00580E0020002945D02DE9F0410D4680464C
:10741C00FFF742FF55F8047C6A4927F00103A5F1F8
:10742C000804E2188E685068B24220F0030062D063
:10743C00FE0750600BD455F8087CE41B01F1080ED4
:10744C00A56875453B446FD0E768EF60BD601518C3
:10745C006D68ED0742D543F001026260E350B3F56D
:10746C00007F18D2DB085A1C4D6851F83270A760A7
:10747C0001209B1000FA03F301EBC2001D430838F6
:10748C00E0604D6041F83240FC604046BDE8F041A0
:10749C00FFF704BF70475A0A042A53D89A0902F11D
:1074AC0039077F0002F1380501EB870051F82720DE
:1074BC004449083890424DD0516821F003018B4269
:1074CC0002D292689042F7D1D068E060A2608460EA
:1074DC00D4604046BDE8F041FFF7E0BE95683A4FF6
:1074EC00BD4203443FD0D068E86043F001028560A0
:1074FC006260E350B3E7FF07034407D455F8082C48
:10750C00A41A1344A068E268C26090602F4A126803
:10751C0043F00100934260608C60B6D32C4B404624
:10752C001968FFF721FFB0E711184968C90744D45F
:10753C009168D268CA60034443F0010091606060B6
:10754C00E350A2E7142A17D802F15C077F0002F17E
:10755C005B05A9E7AA104B68012505FA02F2134353
:10756C004B600246B1E743F001024C610C61E560EF
:10757C00A5606260E35088E7542A06D81A0B02F122
:10758C006F077F0002F16E058EE7B2F5AA7F06D871
:10759C00DA0B02F178077F0002F1770584E740F2FD
:1075AC005450824206D89A0C02F17D077F0002F1FA
:1075BC007C0579E7FE277E2576E743F001026260C1
:1075CC00E35062E74C0A0020540A0020540E0020BD
:1075DC0058180020000000005FF800F0F51E006055
:1075EC005FF800F0B11600605FF800F0B91F0060A2
:1075FC005FF800F0551600605FF800F0491F00605E
:04760C00F8B500BF0E
:0876100004F6FF7F01000000F9
:107618000000000000000000B12900000000000088
:1076280000000000ED0500004D030000C506000045
:1076380051030000F9050000D8399D270054EA2AB3
:1076480000A4781F007B9A170000000000000000CB
:10765800B50700000000000000000000710B0000EA
:107668000000000000000000490F0000790F000032
:10767800FD0E0000450F0000010F00000D0F000077
:107688002D0F00006CC00F40C0000000504F0000DC
:10769800251300000CFF000013000000000000008C
:1076A8000000000024851F400BFF000013000000AD
:1076B800000000000000000028851F400DFF0000AA
:1076C80013000000000000000000000020851F409B
:1076D8000A25240013000000120000001200000018
:1076E80001020300000000001C851F40000000008C
:1076F800000000000000000000000000F11C000075
:10770800C93F0000751A0000F913000007080C0BA8
:1077180006050F000D0E0102838407080C0B0605F1
:107728000F000D0E01028384FFFFFFFFFFFFFFFF25
:10773800FFFF8182090A000000000042C8801F4044
:10774800B8821F400800000000000042C4801F40AB
:10775800B4821F400400000000C0004224801F4083
:1077680014821F401000000000C0004228801F4003
:1077780018821F402000000000C000422C801F40DB
:107788001C821F404000000000C0004234801F409F
:1077980024821F40000100000040004264811F4015
:1077A80054831F40000400000040004280811F40B5
:1077B80070831F4000000200004000427C811F408F
:1077C8006C831F40000001000040004268811F4098
:1077D80058831F4000080000004000423C811F40C1
:1077E8002C831F40010000000040004244811F40DC
:1077F80034831F40040000000040004240811F40C5
:1078080030831F40020000000040004248811F40B2
:1078180038831F40080000000000004204811F4018
:10782800F4821F40000004000000004208811F404D
:10783800F8821F40000008000000004218811F4025
:1078480008831F40000080000000004214811F4090
:1078580004831F40000040000000004200811F40D8
:10786800F0821F400000020000000042FC801F4020
:10787800EC821F40000001000000004224811F40EC
:1078880014831F40000000040000004228811F40AC
:1078980018831F4000000008000000421C811F40A0
:1078A8000C831F40000000010000004220811F409F
:1078B80010831F400000000200000042EC801F40BF
:1078C800DC821F400010000000000042F0801F40D2
:1078D800E0821F40002000000000004234811F4069
:1078E80024831F40000000400000004238811F40F0
:1078F80028831F40000000800080004294801F40C1
:1079080084821F400000040000C0004290801F4095
:1079180080821F400000008000800042A8801F4035
:1079280098821F400000800000800042A4801F4011
:1079380094821F4000004000004000426C811F40BC
:107948005C831F400010000000C0004230801F40D0
:1079580020821F408000000000400042B0811F408C
:10796800A0831F400000002000400042AC811F405F
:107978009C831F40000000100040004284811F408B
:1079880074831F40000004000040004288811F40AB
:1079980078831F4000000800000000422C811F402F
:1079A8001C831F40000000100000004230811F406F
:1079B80020831F4000000020000000420C811F406F
:1079C800FC821F40000010000000004210811F4090
:1079D80000831F400000200000800042C8811F4033
:1079E800B8831F400080000000800042C4811F400F
:1079F800B4831F400040000000800042C0811F4047
:107A0800B0831F400020000000800042BC811F405E
:107A1800AC831F400010000000800042D0811F404E
:107A2800C0831F400000020000800042CC811F403C
:107A3800BC831F400000010000C0004274801F404A
:107A480064821F400000000100C0004280801F4087
:107A580070821F400000000800C0004284801F4060
:107A680074821F400000001000C000426C801F405C
:107A78005C821F400000400000C000427C801F4024
:107A88006C821F400000000400C0004278801F4044
:107A980068821F400000000200C0004288801F402A
:107AA80078821F400000002000010000DC05002053
:107AB8001200000000060000502400600A000000C8
:107AC80000020000F82200605501000000070000D5
:107AD800A021006055010000000300009C21006007
:107AE8000000000001030904842100600000000078
:107AF8000203090460210060000000000303090478
:107B0800F005002000000000000000000000000058
:107B1800000000002006002000000000580000209F
:107B280000000000E80300000000000000003F40E3
:107B380014210060000000000000000000000000A8
:107B4800000000000000000000000000000000002D
:107B5800000000000000000000000000000000001D
:107B6800000000000000000000000000000000000D
:107B780000000000000000000000000000000000FD
:107B880000000000000000000000000000003A4073
:107B98007400002000000000000000000000000049
:107BA80000000000000000000000000000000000CD
:107BB80000000000000000000000000000000000BD
:107BC80000000000000000000000000000000000AD
:107BD800000000000000000000000000FFFFFFFFA1
:107BE8000029DE07007B9A17405720201201000267
:107BF800EF020140C0168A0480020102030100005E
:107C08000C0300000000000000000000000000005D
:107C18000000000000000000050000000000000057
:107C2800000000007F0000000100000000000000CC
:107C3800000000000C09002074090020DC09002065
:107C4800000000000000000000000000000000002C
:107C5800000000000000000000000000000000001C
:107C6800000000000000000000000000000000000C
:107C780000000000000000000000000000000000FC
:107C880000000000000000000000000000000000EC
:107C980000000000000000000000000000000000DC
:107CA80000000000000000000000000000000000CC
:107CB80000000000000000000000000000000000BC
:107CC80000000000000000000000000000000000AC
:107CD800000000000000000001000000000000009B
:107CE8000E33CDAB34126DE6ECDE05000B00000060
:107CF800000000000000000000000000000000007C
:107D0800000000000000000000000000000000006B
:107D1800000000000000000000000000000000005B
:107D2800000000000000000000000000000000004B
:107D3800000000000000000000000000000000003B
:107D4800000000000000000000000000000000002B
:107D5800000000000000000000000000000000001B
:107D6800000000000000000000000000000000000B
:107D780000000000000000000000000000000000FB
:107D880000000000000000000000000000000000EB
:107D980000000000000000000000000000000000DB
:107DA80000000000000000000000000000000000CB
:107DB80000000000000000000000000000000000BB
:107DC80000000000000000000000000000000000AB
:107DD800000000000000000000000000000000009B
:107DE800000000000000000000000000000000008B
:107DF800000000000000000000000000000000007B
:107E0800000000000000000000000000000000006A
:107E1800000000000000000000000000000000005A
:107E2800000000000000000000000000000000004A
:107E3800000000000000000000000000000000003A
:107E4800000000000000000000000000000000002A
:107E5800000000000000000000000000000000001A
:107E6800000000000000000000000000000000000A
:107E780000000000000000000000000000000000FA
:107E880000000000000000000000000000000000EA
:107E980000000000000000000000000000000000DA
:107EA80000000000000000000000000000000000CA
:107EB80000000000000000000000000000000000BA
:107EC80000000000000000000000000000000000AA
:107ED800000000000000000000000000000000009A
:107EE800000000000000000000000000000000008A
:107EF800000000000000000000000000000000007A
:107F08000000000000000000000000000000000069
:107F18000000000000000000000000000000000059
:107F28000000000000000000000000000000000049
:107F38000000000000000000000000000000000039
:107F48000000000000000000000000000000000029
:107F58000000000000000000000000000000000019
:107F68000000000000000000000000000000000009
:107F780000000000000000000000000000000000F9
:107F880000000000000000000000000000000000E9
:107F980000000000000000000000000000000000D9
:107FA80000000000000000000000000000000000C9
:107FB80000000000000000000000000000000000B9
:107FC80000000000000000000000000000000000A9
:107FD8000000000000000000000000000000000099
:107FE8000000000000000000000000000000000089
:107FF8000000000000000000000000000000000079
:108008000000000000000000000000000000000068
:108018000000000000000000000000000000000058
:108028000000000000000000000000000000000048
:108038000000000000000000000000000000000038
:108048000000000000000000000000000000000028
:1080580000000000000000002006002000000000D2
:10806800000000004C0A00204C0A0020540A00209E
:10807800540A00205C0A00205C0A0020640A0020E0
:10808800640A00206C0A00206C0A0020740A002090
:10809800740A00207C0A00207C0A0020840A002040
:1080A800840A00208C0A00208C0A0020940A0020F0
:1080B800940A00209C0A00209C0A0020A40A0020A0
:1080C800A40A0020AC0A0020AC0A0020B40A002050
:1080D800B40A0020BC0A0020BC0A0020C40A002000
:1080E800C40A0020CC0A0020CC0A0020D40A0020B0
:1080F800D40A0020DC0A0020DC0A0020E40A002060
:10810800E40A0020EC0A0020EC0A0020F40A00200F
:10811800F40A0020FC0A0020FC0A0020040B0020BE
:10812800040B00200C0B00200C0B0020140B00206B
:10813800140B00201C0B00201C0B0020240B00201B
:10814800240B00202C0B00202C0B0020340B0020CB
:10815800340B00203C0B00203C0B0020440B00207B
:10816800440B00204C0B00204C0B0020540B00202B
:10817800540B00205C0B00205C0B0020640B0020DB
:10818800640B00206C0B00206C0B0020740B00208B
:10819800740B00207C0B00207C0B0020840B00203B
:1081A800840B00208C0B00208C0B0020940B0020EB
:1081B800940B00209C0B00209C0B0020A40B00209B
:1081C800A40B0020AC0B0020AC0B0020B40B00204B
:1081D800B40B0020BC0B0020BC0B0020C40B0020FB
:1081E800C40B0020CC0B0020CC0B0020D40B0020AB
:1081F800D40B0020DC0B0020DC0B0020E40B00205B
:10820800E40B0020EC0B0020EC0B0020F40B00200A
:10821800F40B0020FC0B0020FC0B0020040C0020B9
:10822800040C00200C0C00200C0C0020140C002066
:10823800140C00201C0C00201C0C0020240C002016
:10824800240C00202C0C00202C0C0020340C0020C6
:10825800340C00203C0C00203C0C0020440C002076
:10826800440C00204C0C00204C0C0020540C002026
:10827800540C00205C0C00205C0C0020640C0020D6
:10828800640C00206C0C00206C0C0020740C002086
:10829800740C00207C0C00207C0C0020840C002036
:1082A800840C00208C0C00208C0C0020940C0020E6
:1082B800940C00209C0C00209C0C0020A40C002096
:1082C800A40C0020AC0C0020AC0C0020B40C002046
:1082D800B40C0020BC0C0020BC0C0020C40C0020F6
:1082E800C40C0020CC0C0020CC0C0020D40C0020A6
:1082F800D40C0020DC0C0020DC0C0020E40C002056
:10830800E40C0020EC0C0020EC0C0020F40C002005
:10831800F40C0020FC0C0020FC0C0020040D0020B4
:10832800040D00200C0D00200C0D0020140D002061
:10833800140D00201C0D00201C0D0020240D002011
:10834800240D00202C0D00202C0D0020340D0020C1
:10835800340D00203C0D00203C0D0020440D002071
:10836800440D00204C0D00204C0D0020540D002021
:10837800540D00205C0D00205C0D0020640D0020D1
:10838800640D00206C0D00206C0D0020740D002081
:10839800740D00207C0D00207C0D0020840D002031
:1083A800840D00208C0D00208C0D0020940D0020E1
:1083B800940D00209C0D00209C0D0020A40D002091
:1083C800A40D0020AC0D0020AC0D0020B40D002041
:1083D800B40D0020BC0D0020BC0D0020C40D0020F1
:1083E800C40D0020CC0D0020CC0D0020D40D0020A1
:1083F800D40D0020DC0D0020DC0D0020E40D002051
:10840800E40D0020EC0D0020EC0D0020F40D002000
:10841800F40D0020FC0D0020FC0D0020040E0020AF
:10842800040E00200C0E00200C0E0020140E00205C
:10843800140E00201C0E00201C0E0020240E00200C
:10844800240E00202C0E00202C0E0020340E0020BC
:10845800340E00203C0E00203C0E0020440E00206C
:0C846800440E002000000200FFFFFFFF98
:10847400FFFFFFFFFFFFFFFFFFFFFFFFFFFFFFFF08
:10848400FFFFFFFFFFFFFFFFFFFFFFFFFFFFFFFFF8
:10849400FFFFFFFFFFFFFFFFFFFFFFFFFFFFFFFFE8
:1084A400FFFFFFFFFFFFFFFFFFFFFFFFFFFFFFFFD8
:1084B400FFFFFFFFFFFFFFFFFFFFFFFFFFFFFFFFC8
:1084C400FFFFFFFFFFFFFFFFFFFFFFFFFFFFFFFFB8
:1084D400FFFFFFFFFFFFFFFFFFFFFFFFFFFFFFFFA8
:1084E400FFFFFFFFFFFFFFFFFFFFFFFFFFFFFFFF98
:1084F400FFFFFFFFFFFFFFFFFFFFFFFFFFFFFFFF88
:10850400FFFFFFFFFFFFFFFFFFFFFFFFFFFFFFFF77
:10851400FFFFFFFFFFFFFFFFFFFFFFFFFFFFFFFF67
:10852400FFFFFFFFFFFFFFFFFFFFFFFFFFFFFFFF57
:10853400FFFFFFFFFFFFFFFFFFFFFFFFFFFFFFFF47
:10854400FFFFFFFFFFFFFFFFFFFFFFFFFFFFFFFF37
:10855400FFFFFFFFFFFFFFFFFFFFFFFFFFFFFFFF27
:10856400FFFFFFFFFFFFFFFFFFFFFFFFFFFFFFFF17
:10857400FFFFFFFFFFFFFFFFFFFFFFFFFFFFFFFF07
:10858400FFFFFFFFFFFFFFFFFFFFFFFFFFFFFFFFF7
:10859400FFFFFFFFFFFFFFFFFFFFFFFFFFFFFFFFE7
:1085A400FFFFFFFFFFFFFFFFFFFFFFFFFFFFFFFFD7
:1085B400FFFFFFFFFFFFFFFFFFFFFFFFFFFFFFFFC7
:1085C400FFFFFFFFFFFFFFFFFFFFFFFFFFFFFFFFB7
:1085D400FFFFFFFFFFFFFFFFFFFFFFFFFFFFFFFFA7
:1085E400FFFFFFFFFFFFFFFFFFFFFFFFFFFFFFFF97
:1085F400FFFFFFFFFFFFFFFFFFFFFFFFFFFFFFFF87
:10860400FFFFFFFFFFFFFFFFFFFFFFFFFFFFFFFF76
:10861400FFFFFFFFFFFFFFFFFFFFFFFFFFFFFFFF66
:10862400FFFFFFFFFFFFFFFFFFFFFFFFFFFFFFFF56
:10863400FFFFFFFFFFFFFFFFFFFFFFFFFFFFFFFF46
:10864400FFFFFFFFFFFFFFFFFFFFFFFFFFFFFFFF36
:10865400FFFFFFFFFFFFFFFFFFFFFFFFFFFFFFFF26
:10866400FFFFFFFFFFFFFFFFFFFFFFFFFFFFFFFF16
:10867400FFFFFFFFFFFFFFFFFFFFFFFFFFFFFFFF06
:10868400FFFFFFFFFFFFFFFFFFFFFFFFFFFFFFFFF6
:10869400FFFFFFFFFFFFFFFFFFFFFFFFFFFFFFFFE6
:1086A400FFFFFFFFFFFFFFFFFFFFFFFFFFFFFFFFD6
:1086B400FFFFFFFFFFFFFFFFFFFFFFFFFFFFFFFFC6
:1086C400FFFFFFFFFFFFFFFFFFFFFFFFFFFFFFFFB6
:1086D400FFFFFFFFFFFFFFFFFFFFFFFFFFFFFFFFA6
:1086E400FFFFFFFFFFFFFFFFFFFFFFFFFFFFFFFF96
:1086F400FFFFFFFFFFFFFFFFFFFFFFFFFFFFFFFF86
:10870400FFFFFFFFFFFFFFFFFFFFFFFFFFFFFFFF75
:10871400FFFFFFFFFFFFFFFFFFFFFFFFFFFFFFFF65
:10872400FFFFFFFFFFFFFFFFFFFFFFFFFFFFFFFF55
:10873400FFFFFFFFFFFFFFFFFFFFFFFFFFFFFFFF45
:10874400FFFFFFFFFFFFFFFFFFFFFFFFFFFFFFFF35
:10875400FFFFFFFFFFFFFFFFFFFFFFFFFFFFFFFF25
:10876400FFFFFFFFFFFFFFFFFFFFFFFFFFFFFFFF15
:10877400FFFFFFFFFFFFFFFFFFFFFFFFFFFFFFFF05
:10878400FFFFFFFFFFFFFFFFFFFFFFFFFFFFFFFFF5
:10879400FFFFFFFFFFFFFFFFFFFFFFFFFFFFFFFFE5
:1087A400FFFFFFFFFFFFFFFFFFFFFFFFFFFFFFFFD5
:1087B400FFFFFFFFFFFFFFFFFFFFFFFFFFFFFFFFC5
:1087C400FFFFFFFFFFFFFFFFFFFFFFFFFFFFFFFFB5
:1087D400FFFFFFFFFFFFFFFFFFFFFFFFFFFFFFFFA5
:1087E400FFFFFFFFFFFFFFFFFFFFFFFFFFFFFFFF95
:1087F400FFFFFFFFFFFFFFFFFFFFFFFF0000000081
:108804000000000000000000000000000000000064
:108814000000000000000000000000000000000054
:108824000000000000000000000000000000000044
:108834000000000000000000000000000000000034
:108844000000000000000000000000000000000024
:108854000000000000000000000000000000000014
:108864000000000000000000000000000000000004
:1088740000000000000000000000000000000000F4
:1088840000000000000000000000000000000000E4
:1088940000000000000000000000000000000000D4
:1088A40000000000000000000000000000000000C4
:1088B40000000000000000000000000000000000B4
:1088C40000000000000000000000000000000000A4
:1088D4000000000000000000000000000000000094
:1088E4000000000000000000000000000000000084
:1088F4000000000000000000000000000000000074
:108904000000000000000000000000000000000063
:108914000000000000000000000000000000000053
:108924000000000000000000000000000000000043
:108934000000000000000000000000000000000033
:108944000000000000000000000000000000000023
:108954000000000000000000000000000000000013
:108964000000000000000000000000000000000003
:1089740000000000000000000000000000000000F3
:1089840000000000000000000000000000000000E3
:1089940000000000000000000000000000000000D3
:1089A40000000000000000000000000000000000C3
:1089B40000000000000000000000000000000000B3
:1089C40000000000000000000000000000000000A3
:1089D4000000000000000000000000000000000093
:1089E4000000000000000000000000000000000083
:1089F4000000000000000000000000000000000073
:108A04000000000000000000000000000000000062
:108A14000000000000000000000000000000000052
:108A24000000000000000000000000000000000042
:108A34000000000000000000000000000000000032
:108A44000000000000000000000000000000000022
:108A54000000000000000000000000000000000012
:108A64000000000000000000000000000000000002
:108A740000000000000000000000000000000000F2
:108A840000000000000000000000000000000000E2
:108A940000000000000000000000000000000000D2
:108AA40000000000000000000000000000000000C2
:108AB40000000000000000000000000000000000B2
:108AC40000000000000000000000000000000000A2
:108AD4000000000000000000000000000000000092
:108AE4000000000000000000000000000000000082
:108AF4000000000000000000000000000000000072
:108B04000000000000000000000000000000000061
:108B14000000000000000000000000000000000051
:108B24000000000000000000000000000000000041
:108B34000000000000000000000000000000000031
:108B44000000000000000000000000000000000021
:108B54000000000000000000000000000000000011
:108B64000000000000000000000000000000000001
:108B740000000000000000000000000000000000F1
:108B840000000000000000000000000000000000E1
:108B940000000000000000000000000000000000D1
:108BA40000000000000000000000000000000000C1
:108BB40000000000000000000000000000000000B1
:108BC40000000000000000000000000000000000A1
:108BD4000000000000000000000000000000000091
:108BE4000000000000000000000000000000000081
:108BF4000000000000000000000000000000000071
:108C04000000000000000000000000000000000060
:108C14000000000000000000000000000000000050
:108C24000000000000000000000000000000000040
:108C34000000000000000000000000000000000030
:108C44000000000000000000000000000000000020
:108C54000000000000000000000000000000000010
:108C64000000000000000000000000000000000000
:108C740000000000000000000000000000000000F0
:108C840000000000000000000000000000000000E0
:108C940000000000000000000000000000000000D0
:108CA40000000000000000000000000000000000C0
:108CB40000000000000000000000000000000000B0
:108CC40000000000000000000000000000000000A0
:108CD4000000000000000000000000000000000090
:108CE4000000000000000000000000000000000080
:108CF4000000000000000000000000000000000070
:108D0400000000000000000000000000000000005F
:108D1400000000000000000000000000000000004F
:108D2400000000000000000000000000000000003F
:108D3400000000000000000000000000000000002F
:108D4400000000000000000000000000000000001F
:108D5400000000000000000000000000000000000F
:108D640000000000000000000000000000000000FF
:108D740000000000000000000000000000000000EF
:108D840000000000000000000000000000000000DF
:108D940000000000000000000000000000000000CF
:108DA40000000000000000000000000000000000BF
:108DB40000000000000000000000000000000000AF
:108DC400000000000000000000000000000000009F
:108DD400000000000000000000000000000000008F
:108DE400000000000000000000000000000000007F
:108DF400000000000000000000000000000000006F
:108E0400000000000000000000000000000000005E
:108E1400000000000000000000000000000000004E
:108E2400000000000000000000000000000000003E
:108E3400000000000000000000000000000000002E
:108E4400000000000000000000000000000000001E
:108E5400000000000000000000000000000000000E
:108E640000000000000000000000000000000000FE
:108E740000000000000000000000000000000000EE
:108E840000000000000000000000000000000000DE
:108E940000000000000000000000000000000000CE
:108EA40000000000000000000000000000000000BE
:108EB40000000000000000000000000000000000AE
:108EC400000000000000000000000000000000009E
:108ED400000000000000000000000000000000008E
:108EE400000000000000000000000000000000007E
:108EF400000000000000000000000000000000006E
:108F0400000000000000000000000000000000005D
:108F1400000000000000000000000000000000004D
:108F2400000000000000000000000000000000003D
:108F3400000000000000000000000000000000002D
:108F4400000000000000000000000000000000001D
:108F5400000000000000000000000000000000000D
:108F640000000000000000000000000000000000FD
:108F740000000000000000000000000000000000ED
:108F840000000000000000000000000000000000DD
:108F940000000000000000000000000000000000CD
:108FA40000000000000000000000000000000000BD
:108FB40000000000000000000000000000000000AD
:108FC400000000000000000000000000000000009D
:108FD400000000000000000000000000000000008D
:108FE400000000000000000000000000000000007D
:108FF400000000000000000000000000000000006D
:10900400000000000000000000000000000000005C
:10901400000000000000000000000000000000004C
:10902400000000000000000000000000000000003C
:10903400000000000000000000000000000000002C
:10904400000000000000000000000000000000001C
:10905400000000000000000000000000000000000C
:1090640000000000000000000000000000000000FC
:1090740000000000000000000000000000000000EC
:1090840000000000000000000000000000000000DC
:1090940000000000000000000000000000000000CC
:1090A40000000000000000000000000000000000BC
:1090B40000000000000000000000000000000000AC
:1090C400000000000000000000000000000000009C
:1090D400000000000000000000000000000000008C
:1090E400000000000000000000000000000000007C
:1090F400000000000000000000000000000000006C
:10910400000000000000000000000000000000005B
:10911400000000000000000000000000000000004B
:10912400000000000000000000000000000000003B
:10913400000000000000000000000000000000002B
:10914400000000000000000000000000000000001B
:10915400000000000000000000000000000000000B
:1091640000000000000000000000000000000000FB
:1091740000000000000000000000000000000000EB
:1091840000000000000000000000000000000000DB
:1091940000000000000000000000000000000000CB
:1091A40000000000000000000000000000000000BB
:1091B40000000000000000000000000000000000AB
:1091C400000000000000000000000000000000009B
:1091D400000000000000000000000000000000008B
:1091E400000000000000000000000000000000007B
:1091F400000000000000000000000000000000006B
:10920400000000000000000000000000000000005A
:10921400000000000000000000000000000000004A
:10922400000000000000000000000000000000003A
:10923400000000000000000000000000000000002A
:10924400000000000000000000000000000000001A
:10925400000000000000000000000000000000000A
:1092640000000000000000000000000000000000FA
:1092740000000000000000000000000000000000EA
:1092840000000000000000000000000000000000DA
:1092940000000000000000000000000000000000CA
:1092A40000000000000000000000000000000000BA
:1092B40000000000000000000000000000000000AA
:1092C400000000000000000000000000000000009A
:1092D400000000000000000000000000000000008A
:1092E400000000000000000000000000000000007A
:1092F400000000000000000000000000000000006A
:109304000000000000000000000000000000000059
:109314000000000000000000000000000000000049
:109324000000000000000000000000000000000039
:109334000000000000000000000000000000000029
:109344000000000000000000000000000000000019
:109354000000000000000000000000000000000009
:1093640000000000000000000000000000000000F9
:1093740000000000000000000000000000000000E9
:1093840000000000000000000000000000000000D9
:1093940000000000000000000000000000000000C9
:1093A40000000000000000000000000000000000B9
:1093B40000000000000000000000000000000000A9
:1093C4000000000000000000000000000000000099
:1093D4000000000000000000000000000000000089
:1093E4000000000000000000000000000000000079
:0C93F4000000000000000000000000006D
:040000056000100087
:00000001FF
