:0200000460009A
:100000004643464200000156000000000103030081
:1000100000000000000000000000000000000000E0
:1000200000000000000000000000000000000000D0
:1000300000000000000000000000000000000000C0
:1000400000000000010408000000000000000000A3
:100050000000800000000000000000000000000020
:100060000000000000000000000000000000000090
:100070000000000000000000000000000000000080
:10008000EB04180A063204260000000000000000FD
:10009000050404240000000000000000000000002F
:1000A0000000000000000000000000000000000050
:1000B0000604000000000000000000000000000036
:1000C0000000000000000000000000000000000030
:1000D00020041808000000000000000000000000DC
:1000E0000000000000000000000000000000000010
:1000F0000000000000000000000000000000000000
:10010000D8041808000000000000000000000000F3
:100110000204180804200000000000000000000095
:1001200000000000000000000000000000000000CF
:10013000600400000000000000000000000000005B
:1001400000000000000000000000000000000000AF
:10015000000000000000000000000000000000009F
:10016000000000000000000000000000000000008F
:10017000000000000000000000000000000000007F
:10018000000000000000000000000000000000006F
:10019000000000000000000000000000000000005F
:1001A000000000000000000000000000000000004F
:1001B000000000000000000000000000000000003F
:1001C000000100000010000001000000000000001D
:1001D000000001000000000000000000000000001E
:1001E000000000000000000000000000000000000F
:1001F00000000000000000000000000000000000FF
:10020000FFFFFFFFFFFFFFFFFFFFFFFFFFFFFFFFFE
:10021000FFFFFFFFFFFFFFFFFFFFFFFFFFFFFFFFEE
:10022000FFFFFFFFFFFFFFFFFFFFFFFFFFFFFFFFDE
:10023000FFFFFFFFFFFFFFFFFFFFFFFFFFFFFFFFCE
:10024000FFFFFFFFFFFFFFFFFFFFFFFFFFFFFFFFBE
:10025000FFFFFFFFFFFFFFFFFFFFFFFFFFFFFFFFAE
:10026000FFFFFFFFFFFFFFFFFFFFFFFFFFFFFFFF9E
:10027000FFFFFFFFFFFFFFFFFFFFFFFFFFFFFFFF8E
:10028000FFFFFFFFFFFFFFFFFFFFFFFFFFFFFFFF7E
:10029000FFFFFFFFFFFFFFFFFFFFFFFFFFFFFFFF6E
:1002A000FFFFFFFFFFFFFFFFFFFFFFFFFFFFFFFF5E
:1002B000FFFFFFFFFFFFFFFFFFFFFFFFFFFFFFFF4E
:1002C000FFFFFFFFFFFFFFFFFFFFFFFFFFFFFFFF3E
:1002D000FFFFFFFFFFFFFFFFFFFFFFFFFFFFFFFF2E
:1002E000FFFFFFFFFFFFFFFFFFFFFFFFFFFFFFFF1E
:1002F000FFFFFFFFFFFFFFFFFFFFFFFFFFFFFFFF0E
:10030000FFFFFFFFFFFFFFFFFFFFFFFFFFFFFFFFFD
:10031000FFFFFFFFFFFFFFFFFFFFFFFFFFFFFFFFED
:10032000FFFFFFFFFFFFFFFFFFFFFFFFFFFFFFFFDD
:10033000FFFFFFFFFFFFFFFFFFFFFFFFFFFFFFFFCD
:10034000FFFFFFFFFFFFFFFFFFFFFFFFFFFFFFFFBD
:10035000FFFFFFFFFFFFFFFFFFFFFFFFFFFFFFFFAD
:10036000FFFFFFFFFFFFFFFFFFFFFFFFFFFFFFFF9D
:10037000FFFFFFFFFFFFFFFFFFFFFFFFFFFFFFFF8D
:10038000FFFFFFFFFFFFFFFFFFFFFFFFFFFFFFFF7D
:10039000FFFFFFFFFFFFFFFFFFFFFFFFFFFFFFFF6D
:1003A000FFFFFFFFFFFFFFFFFFFFFFFFFFFFFFFF5D
:1003B000FFFFFFFFFFFFFFFFFFFFFFFFFFFFFFFF4D
:1003C000FFFFFFFFFFFFFFFFFFFFFFFFFFFFFFFF3D
:1003D000FFFFFFFFFFFFFFFFFFFFFFFFFFFFFFFF2D
:1003E000FFFFFFFFFFFFFFFFFFFFFFFFFFFFFFFF1D
:1003F000FFFFFFFFFFFFFFFFFFFFFFFFFFFFFFFF0D
:10040000FFFFFFFFFFFFFFFFFFFFFFFFFFFFFFFFFC
:10041000FFFFFFFFFFFFFFFFFFFFFFFFFFFFFFFFEC
:10042000FFFFFFFFFFFFFFFFFFFFFFFFFFFFFFFFDC
:10043000FFFFFFFFFFFFFFFFFFFFFFFFFFFFFFFFCC
:10044000FFFFFFFFFFFFFFFFFFFFFFFFFFFFFFFFBC
:10045000FFFFFFFFFFFFFFFFFFFFFFFFFFFFFFFFAC
:10046000FFFFFFFFFFFFFFFFFFFFFFFFFFFFFFFF9C
:10047000FFFFFFFFFFFFFFFFFFFFFFFFFFFFFFFF8C
:10048000FFFFFFFFFFFFFFFFFFFFFFFFFFFFFFFF7C
:10049000FFFFFFFFFFFFFFFFFFFFFFFFFFFFFFFF6C
:1004A000FFFFFFFFFFFFFFFFFFFFFFFFFFFFFFFF5C
:1004B000FFFFFFFFFFFFFFFFFFFFFFFFFFFFFFFF4C
:1004C000FFFFFFFFFFFFFFFFFFFFFFFFFFFFFFFF3C
:1004D000FFFFFFFFFFFFFFFFFFFFFFFFFFFFFFFF2C
:1004E000FFFFFFFFFFFFFFFFFFFFFFFFFFFFFFFF1C
:1004F000FFFFFFFFFFFFFFFFFFFFFFFFFFFFFFFF0C
:10050000FFFFFFFFFFFFFFFFFFFFFFFFFFFFFFFFFB
:10051000FFFFFFFFFFFFFFFFFFFFFFFFFFFFFFFFEB
:10052000FFFFFFFFFFFFFFFFFFFFFFFFFFFFFFFFDB
:10053000FFFFFFFFFFFFFFFFFFFFFFFFFFFFFFFFCB
:10054000FFFFFFFFFFFFFFFFFFFFFFFFFFFFFFFFBB
:10055000FFFFFFFFFFFFFFFFFFFFFFFFFFFFFFFFAB
:10056000FFFFFFFFFFFFFFFFFFFFFFFFFFFFFFFF9B
:10057000FFFFFFFFFFFFFFFFFFFFFFFFFFFFFFFF8B
:10058000FFFFFFFFFFFFFFFFFFFFFFFFFFFFFFFF7B
:10059000FFFFFFFFFFFFFFFFFFFFFFFFFFFFFFFF6B
:1005A000FFFFFFFFFFFFFFFFFFFFFFFFFFFFFFFF5B
:1005B000FFFFFFFFFFFFFFFFFFFFFFFFFFFFFFFF4B
:1005C000FFFFFFFFFFFFFFFFFFFFFFFFFFFFFFFF3B
:1005D000FFFFFFFFFFFFFFFFFFFFFFFFFFFFFFFF2B
:1005E000FFFFFFFFFFFFFFFFFFFFFFFFFFFFFFFF1B
:1005F000FFFFFFFFFFFFFFFFFFFFFFFFFFFFFFFF0B
:10060000FFFFFFFFFFFFFFFFFFFFFFFFFFFFFFFFFA
:10061000FFFFFFFFFFFFFFFFFFFFFFFFFFFFFFFFEA
:10062000FFFFFFFFFFFFFFFFFFFFFFFFFFFFFFFFDA
:10063000FFFFFFFFFFFFFFFFFFFFFFFFFFFFFFFFCA
:10064000FFFFFFFFFFFFFFFFFFFFFFFFFFFFFFFFBA
:10065000FFFFFFFFFFFFFFFFFFFFFFFFFFFFFFFFAA
:10066000FFFFFFFFFFFFFFFFFFFFFFFFFFFFFFFF9A
:10067000FFFFFFFFFFFFFFFFFFFFFFFFFFFFFFFF8A
:10068000FFFFFFFFFFFFFFFFFFFFFFFFFFFFFFFF7A
:10069000FFFFFFFFFFFFFFFFFFFFFFFFFFFFFFFF6A
:1006A000FFFFFFFFFFFFFFFFFFFFFFFFFFFFFFFF5A
:1006B000FFFFFFFFFFFFFFFFFFFFFFFFFFFFFFFF4A
:1006C000FFFFFFFFFFFFFFFFFFFFFFFFFFFFFFFF3A
:1006D000FFFFFFFFFFFFFFFFFFFFFFFFFFFFFFFF2A
:1006E000FFFFFFFFFFFFFFFFFFFFFFFFFFFFFFFF1A
:1006F000FFFFFFFFFFFFFFFFFFFFFFFFFFFFFFFF0A
:10070000FFFFFFFFFFFFFFFFFFFFFFFFFFFFFFFFF9
:10071000FFFFFFFFFFFFFFFFFFFFFFFFFFFFFFFFE9
:10072000FFFFFFFFFFFFFFFFFFFFFFFFFFFFFFFFD9
:10073000FFFFFFFFFFFFFFFFFFFFFFFFFFFFFFFFC9
:10074000FFFFFFFFFFFFFFFFFFFFFFFFFFFFFFFFB9
:10075000FFFFFFFFFFFFFFFFFFFFFFFFFFFFFFFFA9
:10076000FFFFFFFFFFFFFFFFFFFFFFFFFFFFFFFF99
:10077000FFFFFFFFFFFFFFFFFFFFFFFFFFFFFFFF89
:10078000FFFFFFFFFFFFFFFFFFFFFFFFFFFFFFFF79
:10079000FFFFFFFFFFFFFFFFFFFFFFFFFFFFFFFF69
:1007A000FFFFFFFFFFFFFFFFFFFFFFFFFFFFFFFF59
:1007B000FFFFFFFFFFFFFFFFFFFFFFFFFFFFFFFF49
:1007C000FFFFFFFFFFFFFFFFFFFFFFFFFFFFFFFF39
:1007D000FFFFFFFFFFFFFFFFFFFFFFFFFFFFFFFF29
:1007E000FFFFFFFFFFFFFFFFFFFFFFFFFFFFFFFF19
:1007F000FFFFFFFFFFFFFFFFFFFFFFFFFFFFFFFF09
:10080000FFFFFFFFFFFFFFFFFFFFFFFFFFFFFFFFF8
:10081000FFFFFFFFFFFFFFFFFFFFFFFFFFFFFFFFE8
:10082000FFFFFFFFFFFFFFFFFFFFFFFFFFFFFFFFD8
:10083000FFFFFFFFFFFFFFFFFFFFFFFFFFFFFFFFC8
:10084000FFFFFFFFFFFFFFFFFFFFFFFFFFFFFFFFB8
:10085000FFFFFFFFFFFFFFFFFFFFFFFFFFFFFFFFA8
:10086000FFFFFFFFFFFFFFFFFFFFFFFFFFFFFFFF98
:10087000FFFFFFFFFFFFFFFFFFFFFFFFFFFFFFFF88
:10088000FFFFFFFFFFFFFFFFFFFFFFFFFFFFFFFF78
:10089000FFFFFFFFFFFFFFFFFFFFFFFFFFFFFFFF68
:1008A000FFFFFFFFFFFFFFFFFFFFFFFFFFFFFFFF58
:1008B000FFFFFFFFFFFFFFFFFFFFFFFFFFFFFFFF48
:1008C000FFFFFFFFFFFFFFFFFFFFFFFFFFFFFFFF38
:1008D000FFFFFFFFFFFFFFFFFFFFFFFFFFFFFFFF28
:1008E000FFFFFFFFFFFFFFFFFFFFFFFFFFFFFFFF18
:1008F000FFFFFFFFFFFFFFFFFFFFFFFFFFFFFFFF08
:10090000FFFFFFFFFFFFFFFFFFFFFFFFFFFFFFFFF7
:10091000FFFFFFFFFFFFFFFFFFFFFFFFFFFFFFFFE7
:10092000FFFFFFFFFFFFFFFFFFFFFFFFFFFFFFFFD7
:10093000FFFFFFFFFFFFFFFFFFFFFFFFFFFFFFFFC7
:10094000FFFFFFFFFFFFFFFFFFFFFFFFFFFFFFFFB7
:10095000FFFFFFFFFFFFFFFFFFFFFFFFFFFFFFFFA7
:10096000FFFFFFFFFFFFFFFFFFFFFFFFFFFFFFFF97
:10097000FFFFFFFFFFFFFFFFFFFFFFFFFFFFFFFF87
:10098000FFFFFFFFFFFFFFFFFFFFFFFFFFFFFFFF77
:10099000FFFFFFFFFFFFFFFFFFFFFFFFFFFFFFFF67
:1009A000FFFFFFFFFFFFFFFFFFFFFFFFFFFFFFFF57
:1009B000FFFFFFFFFFFFFFFFFFFFFFFFFFFFFFFF47
:1009C000FFFFFFFFFFFFFFFFFFFFFFFFFFFFFFFF37
:1009D000FFFFFFFFFFFFFFFFFFFFFFFFFFFFFFFF27
:1009E000FFFFFFFFFFFFFFFFFFFFFFFFFFFFFFFF17
:1009F000FFFFFFFFFFFFFFFFFFFFFFFFFFFFFFFF07
:100A0000FFFFFFFFFFFFFFFFFFFFFFFFFFFFFFFFF6
:100A1000FFFFFFFFFFFFFFFFFFFFFFFFFFFFFFFFE6
:100A2000FFFFFFFFFFFFFFFFFFFFFFFFFFFFFFFFD6
:100A3000FFFFFFFFFFFFFFFFFFFFFFFFFFFFFFFFC6
:100A4000FFFFFFFFFFFFFFFFFFFFFFFFFFFFFFFFB6
:100A5000FFFFFFFFFFFFFFFFFFFFFFFFFFFFFFFFA6
:100A6000FFFFFFFFFFFFFFFFFFFFFFFFFFFFFFFF96
:100A7000FFFFFFFFFFFFFFFFFFFFFFFFFFFFFFFF86
:100A8000FFFFFFFFFFFFFFFFFFFFFFFFFFFFFFFF76
:100A9000FFFFFFFFFFFFFFFFFFFFFFFFFFFFFFFF66
:100AA000FFFFFFFFFFFFFFFFFFFFFFFFFFFFFFFF56
:100AB000FFFFFFFFFFFFFFFFFFFFFFFFFFFFFFFF46
:100AC000FFFFFFFFFFFFFFFFFFFFFFFFFFFFFFFF36
:100AD000FFFFFFFFFFFFFFFFFFFFFFFFFFFFFFFF26
:100AE000FFFFFFFFFFFFFFFFFFFFFFFFFFFFFFFF16
:100AF000FFFFFFFFFFFFFFFFFFFFFFFFFFFFFFFF06
:100B0000FFFFFFFFFFFFFFFFFFFFFFFFFFFFFFFFF5
:100B1000FFFFFFFFFFFFFFFFFFFFFFFFFFFFFFFFE5
:100B2000FFFFFFFFFFFFFFFFFFFFFFFFFFFFFFFFD5
:100B3000FFFFFFFFFFFFFFFFFFFFFFFFFFFFFFFFC5
:100B4000FFFFFFFFFFFFFFFFFFFFFFFFFFFFFFFFB5
:100B5000FFFFFFFFFFFFFFFFFFFFFFFFFFFFFFFFA5
:100B6000FFFFFFFFFFFFFFFFFFFFFFFFFFFFFFFF95
:100B7000FFFFFFFFFFFFFFFFFFFFFFFFFFFFFFFF85
:100B8000FFFFFFFFFFFFFFFFFFFFFFFFFFFFFFFF75
:100B9000FFFFFFFFFFFFFFFFFFFFFFFFFFFFFFFF65
:100BA000FFFFFFFFFFFFFFFFFFFFFFFFFFFFFFFF55
:100BB000FFFFFFFFFFFFFFFFFFFFFFFFFFFFFFFF45
:100BC000FFFFFFFFFFFFFFFFFFFFFFFFFFFFFFFF35
:100BD000FFFFFFFFFFFFFFFFFFFFFFFFFFFFFFFF25
:100BE000FFFFFFFFFFFFFFFFFFFFFFFFFFFFFFFF15
:100BF000FFFFFFFFFFFFFFFFFFFFFFFFFFFFFFFF05
:100C0000FFFFFFFFFFFFFFFFFFFFFFFFFFFFFFFFF4
:100C1000FFFFFFFFFFFFFFFFFFFFFFFFFFFFFFFFE4
:100C2000FFFFFFFFFFFFFFFFFFFFFFFFFFFFFFFFD4
:100C3000FFFFFFFFFFFFFFFFFFFFFFFFFFFFFFFFC4
:100C4000FFFFFFFFFFFFFFFFFFFFFFFFFFFFFFFFB4
:100C5000FFFFFFFFFFFFFFFFFFFFFFFFFFFFFFFFA4
:100C6000FFFFFFFFFFFFFFFFFFFFFFFFFFFFFFFF94
:100C7000FFFFFFFFFFFFFFFFFFFFFFFFFFFFFFFF84
:100C8000FFFFFFFFFFFFFFFFFFFFFFFFFFFFFFFF74
:100C9000FFFFFFFFFFFFFFFFFFFFFFFFFFFFFFFF64
:100CA000FFFFFFFFFFFFFFFFFFFFFFFFFFFFFFFF54
:100CB000FFFFFFFFFFFFFFFFFFFFFFFFFFFFFFFF44
:100CC000FFFFFFFFFFFFFFFFFFFFFFFFFFFFFFFF34
:100CD000FFFFFFFFFFFFFFFFFFFFFFFFFFFFFFFF24
:100CE000FFFFFFFFFFFFFFFFFFFFFFFFFFFFFFFF14
:100CF000FFFFFFFFFFFFFFFFFFFFFFFFFFFFFFFF04
:100D0000FFFFFFFFFFFFFFFFFFFFFFFFFFFFFFFFF3
:100D1000FFFFFFFFFFFFFFFFFFFFFFFFFFFFFFFFE3
:100D2000FFFFFFFFFFFFFFFFFFFFFFFFFFFFFFFFD3
:100D3000FFFFFFFFFFFFFFFFFFFFFFFFFFFFFFFFC3
:100D4000FFFFFFFFFFFFFFFFFFFFFFFFFFFFFFFFB3
:100D5000FFFFFFFFFFFFFFFFFFFFFFFFFFFFFFFFA3
:100D6000FFFFFFFFFFFFFFFFFFFFFFFFFFFFFFFF93
:100D7000FFFFFFFFFFFFFFFFFFFFFFFFFFFFFFFF83
:100D8000FFFFFFFFFFFFFFFFFFFFFFFFFFFFFFFF73
:100D9000FFFFFFFFFFFFFFFFFFFFFFFFFFFFFFFF63
:100DA000FFFFFFFFFFFFFFFFFFFFFFFFFFFFFFFF53
:100DB000FFFFFFFFFFFFFFFFFFFFFFFFFFFFFFFF43
:100DC000FFFFFFFFFFFFFFFFFFFFFFFFFFFFFFFF33
:100DD000FFFFFFFFFFFFFFFFFFFFFFFFFFFFFFFF23
:100DE000FFFFFFFFFFFFFFFFFFFFFFFFFFFFFFFF13
:100DF000FFFFFFFFFFFFFFFFFFFFFFFFFFFFFFFF03
:100E0000FFFFFFFFFFFFFFFFFFFFFFFFFFFFFFFFF2
:100E1000FFFFFFFFFFFFFFFFFFFFFFFFFFFFFFFFE2
:100E2000FFFFFFFFFFFFFFFFFFFFFFFFFFFFFFFFD2
:100E3000FFFFFFFFFFFFFFFFFFFFFFFFFFFFFFFFC2
:100E4000FFFFFFFFFFFFFFFFFFFFFFFFFFFFFFFFB2
:100E5000FFFFFFFFFFFFFFFFFFFFFFFFFFFFFFFFA2
:100E6000FFFFFFFFFFFFFFFFFFFFFFFFFFFFFFFF92
:100E7000FFFFFFFFFFFFFFFFFFFFFFFFFFFFFFFF82
:100E8000FFFFFFFFFFFFFFFFFFFFFFFFFFFFFFFF72
:100E9000FFFFFFFFFFFFFFFFFFFFFFFFFFFFFFFF62
:100EA000FFFFFFFFFFFFFFFFFFFFFFFFFFFFFFFF52
:100EB000FFFFFFFFFFFFFFFFFFFFFFFFFFFFFFFF42
:100EC000FFFFFFFFFFFFFFFFFFFFFFFFFFFFFFFF32
:100ED000FFFFFFFFFFFFFFFFFFFFFFFFFFFFFFFF22
:100EE000FFFFFFFFFFFFFFFFFFFFFFFFFFFFFFFF12
:100EF000FFFFFFFFFFFFFFFFFFFFFFFFFFFFFFFF02
:100F0000FFFFFFFFFFFFFFFFFFFFFFFFFFFFFFFFF1
:100F1000FFFFFFFFFFFFFFFFFFFFFFFFFFFFFFFFE1
:100F2000FFFFFFFFFFFFFFFFFFFFFFFFFFFFFFFFD1
:100F3000FFFFFFFFFFFFFFFFFFFFFFFFFFFFFFFFC1
:100F4000FFFFFFFFFFFFFFFFFFFFFFFFFFFFFFFFB1
:100F5000FFFFFFFFFFFFFFFFFFFFFFFFFFFFFFFFA1
:100F6000FFFFFFFFFFFFFFFFFFFFFFFFFFFFFFFF91
:100F7000FFFFFFFFFFFFFFFFFFFFFFFFFFFFFFFF81
:100F8000FFFFFFFFFFFFFFFFFFFFFFFFFFFFFFFF71
:100F9000FFFFFFFFFFFFFFFFFFFFFFFFFFFFFFFF61
:100FA000FFFFFFFFFFFFFFFFFFFFFFFFFFFFFFFF51
:100FB000FFFFFFFFFFFFFFFFFFFFFFFFFFFFFFFF41
:100FC000FFFFFFFFFFFFFFFFFFFFFFFFFFFFFFFF31
:100FD000FFFFFFFFFFFFFFFFFFFFFFFFFFFFFFFF21
:100FE000FFFFFFFFFFFFFFFFFFFFFFFFFFFFFFFF11
:100FF000FFFFFFFFFFFFFFFFFFFFFFFFFFFFFFFF01
:10100000D10020432914006000000000000000000F
:10101000201000600010006000D40060000000009C
:101020000000006000E0000000000000FFFFFFFF84
:10103000FFFFFFFFFFFFFFFFFFFFFFFFFFFFFFFFC0
:10104000FFFFFFFFFFFFFFFFFFFFFFFFFFFFFFFFB0
:10105000FFFFFFFFFFFFFFFFFFFFFFFFFFFFFFFFA0
:10106000FFFFFFFFFFFFFFFFFFFFFFFFFFFFFFFF90
:10107000FFFFFFFFFFFFFFFFFFFFFFFFFFFFFFFF80
:10108000FFFFFFFFFFFFFFFFFFFFFFFFFFFFFFFF70
:10109000FFFFFFFFFFFFFFFFFFFFFFFFFFFFFFFF60
:1010A000FFFFFFFFFFFFFFFFFFFFFFFFFFFFFFFF50
:1010B000FFFFFFFFFFFFFFFFFFFFFFFFFFFFFFFF40
:1010C000FFFFFFFFFFFFFFFFFFFFFFFFFFFFFFFF30
:1010D000FFFFFFFFFFFFFFFFFFFFFFFFFFFFFFFF20
:1010E000FFFFFFFFFFFFFFFFFFFFFFFFFFFFFFFF10
:1010F000FFFFFFFFFFFFFFFFFFFFFFFFFFFFFFFF00
:10110000FFFFFFFFFFFFFFFFFFFFFFFFFFFFFFFFEF
:10111000FFFFFFFFFFFFFFFFFFFFFFFFFFFFFFFFDF
:10112000FFFFFFFFFFFFFFFFFFFFFFFFFFFFFFFFCF
:10113000FFFFFFFFFFFFFFFFFFFFFFFFFFFFFFFFBF
:10114000FFFFFFFFFFFFFFFFFFFFFFFFFFFFFFFFAF
:10115000FFFFFFFFFFFFFFFFFFFFFFFFFFFFFFFF9F
:10116000FFFFFFFFFFFFFFFFFFFFFFFFFFFFFFFF8F
:10117000FFFFFFFFFFFFFFFFFFFFFFFFFFFFFFFF7F
:10118000FFFFFFFFFFFFFFFFFFFFFFFFFFFFFFFF6F
:10119000FFFFFFFFFFFFFFFFFFFFFFFFFFFFFFFF5F
:1011A000FFFFFFFFFFFFFFFFFFFFFFFFFFFFFFFF4F
:1011B000FFFFFFFFFFFFFFFFFFFFFFFFFFFFFFFF3F
:1011C000FFFFFFFFFFFFFFFFFFFFFFFFFFFFFFFF2F
:1011D000FFFFFFFFFFFFFFFFFFFFFFFFFFFFFFFF1F
:1011E000FFFFFFFFFFFFFFFFFFFFFFFFFFFFFFFF0F
:1011F000FFFFFFFFFFFFFFFFFFFFFFFFFFFFFFFFFF
:10120000FFFFFFFFFFFFFFFFFFFFFFFFFFFFFFFFEE
:10121000FFFFFFFFFFFFFFFFFFFFFFFFFFFFFFFFDE
:10122000FFFFFFFFFFFFFFFFFFFFFFFFFFFFFFFFCE
:10123000FFFFFFFFFFFFFFFFFFFFFFFFFFFFFFFFBE
:10124000FFFFFFFFFFFFFFFFFFFFFFFFFFFFFFFFAE
:10125000FFFFFFFFFFFFFFFFFFFFFFFFFFFFFFFF9E
:10126000FFFFFFFFFFFFFFFFFFFFFFFFFFFFFFFF8E
:10127000FFFFFFFFFFFFFFFFFFFFFFFFFFFFFFFF7E
:10128000FFFFFFFFFFFFFFFFFFFFFFFFFFFFFFFF6E
:10129000FFFFFFFFFFFFFFFFFFFFFFFFFFFFFFFF5E
:1012A000FFFFFFFFFFFFFFFFFFFFFFFFFFFFFFFF4E
:1012B000FFFFFFFFFFFFFFFFFFFFFFFFFFFFFFFF3E
:1012C000FFFFFFFFFFFFFFFFFFFFFFFFFFFFFFFF2E
:1012D000FFFFFFFFFFFFFFFFFFFFFFFFFFFFFFFF1E
:1012E000FFFFFFFFFFFFFFFFFFFFFFFFFFFFFFFF0E
:1012F000FFFFFFFFFFFFFFFFFFFFFFFFFFFFFFFFFE
:10130000FFFFFFFFFFFFFFFFFFFFFFFFFFFFFFFFED
:10131000FFFFFFFFFFFFFFFFFFFFFFFFFFFFFFFFDD
:10132000FFFFFFFFFFFFFFFFFFFFFFFFFFFFFFFFCD
:10133000FFFFFFFFFFFFFFFFFFFFFFFFFFFFFFFFBD
:10134000FFFFFFFFFFFFFFFFFFFFFFFFFFFFFFFFAD
:10135000FFFFFFFFFFFFFFFFFFFFFFFFFFFFFFFF9D
:10136000FFFFFFFFFFFFFFFFFFFFFFFFFFFFFFFF8D
:10137000FFFFFFFFFFFFFFFFFFFFFFFFFFFFFFFF7D
:10138000FFFFFFFFFFFFFFFFFFFFFFFFFFFFFFFF6D
:10139000FFFFFFFFFFFFFFFFFFFFFFFFFFFFFFFF5D
:1013A000FFFFFFFFFFFFFFFFFFFFFFFFFFFFFFFF4D
:1013B000FFFFFFFFFFFFFFFFFFFFFFFFFFFFFFFF3D
:1013C000FFFFFFFFFFFFFFFFFFFFFFFFFFFFFFFF2D
:1013D000FFFFFFFFFFFFFFFFFFFFFFFFFFFFFFFF1D
:1013E000FFFFFFFFFFFFFFFFFFFFFFFFFFFFFFFF0D
:1013F000FFFFFFFFFFFFFFFFFFFFFFFFFFFFFFFFFD
:10140000884207D0904205D251F8043B40F8043B93
:101410008242F9D8704700BF884204D2002340F8C6
:10142000043B8142FBD87047664B4FF42A01664A61
:1014300066482DE9F0475A641864654A99639546F1
:10144000BFF34F8FBFF36F8F00F0C8F9614B0820D7
:10145000614A6249C3F854016148FFF7D1FF614A0C
:1014600061496248FFF7CCFF61496248FFF7D4FF4A
:10147000614C62494FF470000023614A086044F8EF
:1014800023200133B02BFAD15E4B80215E4A03F852
:10149000011B9342FBD14F4D4FF080385B494FF019
:1014A000FF325B4B0026DFF8A4A1DFF8A4911C609B
:1014B000C5F80481C5F800A1C5F8F480C5F8F0901E
:1014C0000B68544F43F4E0230B60FB693D4923F064
:1014D0007F0343F04003FB617B6A23F07F0343F00B
:1014E00040037B628A66CA660A674A6700F07CF935
:1014F000494A4A4B6320A2630321E363484A494BAC
:10150000106000F160401E6042F8041C00F6A170FB
:101510004549464AC3F8082D0B68454A43F0807395
:101520000B601368434943F00103136003680B60C9
:1015300000F0AAFBC5F804813F48C5F800A1C5F832
:10154000F480C5F8F09000F05BFDF96E3B4A41F481
:1015500040513B4BF9661660C2F80861C2F8186149
:10156000C2F82861C2F838619A6BD20708D442F6F3
:101570001562344959651A659A6B42F001029A6303
:101580002F4A314C936843F00113936000F09EF9A9
:1015900000F0F8F800F024FD00F0A8FB00F020F9BE
:1015A0002368132BFCD900F02FFC2368B3F5967F3A
:1015B000FBD300F017F900F017FD00F00DFD30BF70
:1015C000FDE700BF00C00A40AFAAAAAA070020009A
:1015D0000000072000800D40C897000038220060FE
:1015E00000000000C016002004BA006000000020C7
:1015F00020210020C01600200014002088ED00E00B
:10160000F972000000E400E0A0E400E024ED00E056
:1016100008ED00E000C00F40CD890000D189000036
:1016200014E000E018E000E0FCED00E00000202005
:10163000001000E0242000200046C32300400840A2
:1016400000400D400000C056282000201B1018202C
:101650000C0D111310B41BB9134B1B6F9B0420D43A
:1016600000F03F00104B22F0604221F0604140F456
:1016700089101C461867C3F88010C3F890201A6FB1
:1016800022F480521A67236F074A002BFBDAD2F844
:101690007011064B0B40C2F87031136F23F4803386
:1016A00013675DF8044B704700800D40FF7F7FFF9C
:1016B0002DE9F0412F4F002542690124B96B4FF00D
:1016C000020E16684FF4303821F47C010369DFF80C
:1016D000B0C041F48021B963316857683943316043
:1016E0004FF00111244EC3F810E01D61C3F848C04B
:1016F0005C629E624FF66106C3F82C809F6C1F658A
:101700001D6299651C61017E1C4B02EB0111097A77
:1017100003EB011189680E60017E02EB01110C7A66
:10172000CD6803EB041149680D60017E02EB0111E5
:101730000C690CB149692160417E4FF6610402EBEE
:10174000011191F8281003EB011189680C60417EAA
:1017500002EB011191F82840C96A03EB04135B689E
:101760001960437E02EB0312136B0BB1526B1A60CC
:10177000BDE8F08100C00F40B80B0505F80400205B
:101780003B372819114B1249D86E0A4640F44030B5
:1017900030B4D86640F23765D86EA02440F440706B
:1017A000D8664D648C64936C1B06FCD4094B40F2E4
:1017B0003760A0211A4658649964936C13F0800333
:1017C000FBD1054A137030BC704700BF00C00F400A
:1017D00000400C4000800C405C200020704700BF9F
:1017E000704700BF704700BFF0B5244A0020244B6B
:1017F0004FF0100C234C1126DFF8C8E012272060B0
:101800000125C2F800C0C3F800E01660DFF8B8E0B8
:101810001D4EC3F800E01D4917601E6041F0150120
:101820001B4F1C4E17601E601B4F1C4E17601E6026
:101830001B4F11601B4E1C491F6016601B4F196027
:101840001B4E1C4917601E601B4F11601B4E1C492C
:101850001F60166019602560BFF34F8FBFF36F8F55
:10186000C3F8B001BFF34F8FBFF36F8F52F8883CBE
:1018700043F4403342F8883CF0BD00BF9CED00E0EB
:10188000A0ED00E094ED00E0090010002021002010
:101890001300200021000207140000202500081377
:1018A000090000101600202027000B13170000402D
:1018B00033001013180000602F000B071900007090
:1018C0002F000B133F00001025000803F0B58D4BCF
:1018D00018228D4E01208D4948F20C7E8C4D4FF020
:1018E000FF378C4C83B0C3F85C12C3F860520025FC
:1018F000C3F86412C3F868424FF40054C3F86C6232
:101900008549C3F87062C3F87462C3F87862834E85
:10191000DA661A675A679A67DA67C3F88020C3F8ED
:101920008420C3F8882040F20562C1F82C03C1F876
:101930003003C1F83403C1F83803C1F83C03C1F8DF
:1019400050032946B36976481840764B03437648DE
:10195000B361D6F8843043F00C03C6F88430022615
:10196000036833430360036803EA0E0E6F4B4EEACD
:101970000303DFF8F0E103606D4B4760DEF80870A9
:101980003B406C4F43F000538360C36823F07803FF
:10199000C360036A1F40684B3B43664F0362036AA0
:1019A0001F40654B3B43654F43628762C762DEF869
:1019B000B830634F23F03F0343F00103C0F8B83061
:1019C000DEF8BC30DFF884E123F03F0343F001038D
:1019D000C0F8BC30056104660767C0F88020446623
:1019E0004767C0F884200468564B24F00204564A26
:1019F0000460C0F818E0C66143F8041B9342FBD1B1
:101A0000494B1A68194642F001021A600B68464AAF
:101A100013F00103FAD14D4E022540F2F56440F275
:101A2000664040F299414A4F966142F20146D561C3
:101A300040F23545C2F8004242F20124C2F81002D9
:101A40000120C2F820121146C2F8307207F15A473D
:101A5000C2F8346207F51377C2F840523D4E3E4D4E
:101A6000C2F85072C2F85462C2F86052C2F86442BE
:101A7000C2F8A030C2F8A430C2F8B0004B692A4ABC
:101A8000DD07FBD5012300244FF48030114653615C
:101A9000C2F8A040C2F8A400C2F8B0304B69224A94
:101AA000DC07FBD5012300244FF4003011465361BD
:101AB000C2F8A040C2F8A400C2F8B0304B691A4A7C
:101AC000D807FBD501230024244811465361C2F8EE
:101AD000A040C2F8A400C2F8B0304B69124ADB073C
:101AE000FBD5D2F8003145F60D5121209BB2506153
:101AF0008B4239D01A4B00221A605A609A60DA6021
:101B000003B0F0BD00801F40F9700100F9B0010082
:101B1000F9100100F900010000841F4000C00F40CF
:101B2000FFFCFF1F000300A000402A401200FFFF3F
:101B3000FF37F70000FFF07C40000080FF000F83BC
:101B40006300020000422A4000432A40F05AF05A43
:101B50009F041830063201263806180A04000300D4
:101B6000C420002000802A4000244FF4802001235C
:101B70001146C2F8A040C2F8A400C2F8B0304B69C8
:101B80003B4ADF07FBD501234FF400040020114638
:101B90005361C2F8A040C2F8A400C2F8B0304B694B
:101BA000334ADE07FBD501234FF400044FF48030A5
:101BB00011465361C2F8A040C2F8A400C2F8B03088
:101BC0004B692B4ADD07FBD501234FF400044FF48A
:101BD000003011465361C2F8A040C2F8A400C2F818
:101BE000B0304B69224ADC07FBD501234FF40004D7
:101BF000204811465361C2F8A040C2F8A400C2F8C0
:101C0000B0304B691A4AD807FBD5D2F8003145F6F7
:101C10000D5121209BB250618B4210D0164B0822EF
:101C20004FF400041A7015490020154A0123009052
:101C3000521A1448224400F0C7F903B0F0BD4FF423
:101C400000044FF4802101231046C2F8A040C2F8DE
:101C5000A410C2F8B03043690549DB07FBD5012069
:101C6000054B10224FF0807448611A70DBE700BF0B
:101C700000402A40040003005D20002000000070A6
:101C800000000070C4200020F0B4174A40274FF431
:101C900080314FF480564FF400554FF4404443F2E6
:101CA0004200136913F0020F06D0946151619061F4
:101CB000136913F0020FF8D113F4005F01D15561DD
:101CC000EFE713F4805F01D15661EAE7002BE8DA11
:101CD00013F4803F01D09161E3E75B0601D45761C3
:101CE000DFE7F0BC704700BF00800D40394A032099
:101CF0003949F3EE095A13689FED386A23F001035E
:101D0000DFED376AF0B4136000241061D1F8E030E1
:101D1000344FD8B2C3F30B211B0D334E07EE100A1C
:101D200005EE101A07EE903A304BB8EEC55A304D1A
:101D3000B8EEC77A3060F8EEE77A29602D4937EEC1
:101D4000466A2D4E77EEC57A2C4877EE666A2C4DA2
:101D500037EE657A26EE276AC7ED007A66EEA76A47
:101D6000176867EE277A83ED007AC6EE075A86EE8B
:101D7000876AC7EE876A35EE857AFCEEC77A36EE5B
:101D8000057A17EE903ABCEEC77A47EA035376EE2F
:101D9000857A136017EE103AD2F81071FCEEE77AEC
:101DA00001EA0341394317EE903AC2F81011C3F328
:101DB0000B03D2F810110B43C2F81031136843F033
:101DC000020313603470C0F840510E4B0122F0BC86
:101DD0001A60704780810D4000441F400000AA42F5
:101DE0000000B44210200020082000200C20002019
:101DF000042000200000FF0F40E400E00014002059
:101E0000BD74000008E100E0304B40F6617270B52F
:101E1000C3F8202140F2044500F0EAF82C492D488F
:101E2000D1F880202C4C42F003022C4BC1F88020CA
:101E3000C0F86051226813401BB9D0F8A8319A0746
:101E40001AD0244B4FF00041234A51631A46D3F86D
:101E5000401141F00201C3F84011D2F840319B0714
:101E6000FBD44FF400301E491B4B4FF0004208607A
:101E700019209A6300F0ACF81A4D0022164B4FF06F
:101E80008041144C0A26996328461A601146C4F80A
:101E9000A8614FF4207200F0AFF84FF4810640F2D1
:101EA00043114FF48000104B104A2E602864C4F890
:101EB0005851C4F84811C3F804220D4A4FF40031B8
:101EC00001231160C4F8403170BD00BF00800D4097
:101ED00000C00F4000002E4000900D40001C1E006E
:101EE0008CE200E000000020001400208976000051
:101EF0000CE100E008B50E4B1B6E9B0700D4FBBE47
:101F000072B60C4B00200C4AC3F8400103F1604349
:101F10000A49A3F55F2311649D46BFF34F8F084A1A
:101F200003F5E0430749126818461960936898471B
:101F300000441F4000002E4000C00A400300200063
:101F40001C002000000012EBB1F5607FF0B428BF48
:101F50004FF4607172B60025134B144F144E2C468B
:101F600003F170023860358043F8044F9342FBD18F
:101F7000B9B100230F4E01275D0903F01F0401339F
:101F800056F8252007FA04F48B4242EA040246F888
:101F90002520F1D100234380013300F582708B426C
:101FA000F9D162B6F0BC7047A41D0020A01D00202E
:101FB00040200020A81D0020F8B500BFF8BC08BCD8
:101FC0009E467047000000005FF800F0BD8C0000E6
:101FD0005FF800F0B96E00005FF800F0F1890000D2
:101FE0005FF800F0417000005FF800F0758D0000B0
:101FF0005FF800F0297E00005FF800F0B993000060
:102000005FF800F0F56B000045000000550100008E
:10201000B5040000CD0500007D090000C10B0000E3
:10202000D90B0000F10B0000090C0000210C00008E
:10203000390C0000510C0000690C0000810C0000FC
:10204000990C00005D100000751000008D1000005C
:10205000A5100000BD100000D5100000ED1000001C
:10206000051100001D110000351100004D11000088
:0C207000651100007D110000491D0000FA
:10207C0080C00F4000000003190000001000000099
:10208C00E8841F4001000000FF000000FF0000007A
:10209C00000000000000000018000000100000000C
:1020AC00E4841F4001000000FF000000FF0000005E
:1020BC0000000000000000001F00000070C00F4076
:1020CC00000C00001100000011000000E0841F4013
:1020DC00020000002C00000012000000E0841F40F1
:1020EC00010000001000000011000000DC841F4003
:1020FC00020000002D00000012000000DC841F40D4
:10210C00010000001E00000070C00F40C000000065
:10211C001200000013000000D0841F4001000000DA
:10212C00FF000000FF0000000000000000000000A5
:10213C001300000013000000CC841F4001000000BD
:10214C00FF000000FF000000000000000000000085
:10215C001C000000160355005300420020005300E1
:10216C0065007200690061006C00000018035400E7
:10217C00650065006E0073007900640075006900ED
:10218C006E006F000403090409024B00020100C039
:10219C0032080B00020202010009040000010202D5
:1021AC00010005240010010524010101042402068C
:1021BC000524060001070582031000100904010024
:1021CC00020A000000070503024000000705840214
:1021DC004000000009024B00020100C032080B0055
:1021EC0002020201000904000001020201000524A0
:1021FC000010010524010101042402060524060037
:10220C00010705820310000509040100020A000001
:10221C00000705030200020007058402000200000B
:0C222C000A060002EF0201400100010060
:102238000000000000000000000000000000000096
:102248000000000000000000000000000000000086
:1022580010B5054C237833B9044B13B10448AFF3D8
:1022680000800123237010BD4818002000000000E2
:10227800C4970000084B10B51BB108490848AFF3D4
:1022880000800848036803B910BD074B002BFBD03A
:10229800BDE81040184700BF000000004C1800209F
:1022A800C4970000C01600200000000010B50446C6
:1022B80008F0BAFB204610BD10B540F6B8312348E7
:1022C80000F054F94FF4E131204800F025F90121DC
:1022D8001E4800F003F960BB00211C48012200F0F1
:1022E800E3F90121194800F0F9F830B1062118483E
:1022F80008F008FA154800F00DF9164C0C2116489C
:1023080009F06AFB204600F0D5FB20465522202123
:1023180000F0C6FA38B1E2882046242142F00402CF
:1023280092B200F0BDFA1A210A48BDE8104000F048
:10233800F5BB1021094808F0E5F90A21034800F027
:10234800C1F8024800F0E6F8C6E700BF64180020AC
:10235800A808002018200020000020209408002051
:1023680038B5064D064C2B6822689B1A322B04D9C7
:102378000F2006F023FD2B68236038BD282000209D
:10238800342000202DE9F041404F0023404D414EBC
:102398003A686B722E602B612B72EB600AB971E0A0
:1023A8001A465369002BFBD155614FF000083A4C8F
:1023B8003A4B3748C5F81480A5F80480A5F806807C
:1023C80085F80A802B6000F0ABFC04F118004FF090
:1023D800020E266043464146024684F80880264697
:1023E800C4F80C8084F809E0206100E0326942F802
:1023F80023100133627A28489A42F7DC3A68234B63
:102408000AB941E01A465369002BFBD154610026F2
:10241800DFF8AC80224B20486661A680E680A67271
:10242800236000F0C3FE40461E4FC8F8044088F8F9
:102438000860C8F8005088F80960C8F80C6088F887
:10244800106008F0BDFA184A4046184908F098FD8F
:10245800012338467C603B727B72FE603D603E74AF
:1024680008F0AEFA104A3846104908F089FD104BBA
:1024780010480A221C681049104B046019601A722F
:10248800BDE8F0813D6090E71860C0E7A41D00201A
:102498006C1F0020B0020020841F0020BC02002016
:1024A800C8020020B81F0020B80D00207D000000E1
:1024B8002820002034200020FC02002018200020C2
:1024C800A41F002004480268114401E0994202D385
:1024D80003689A42FAD970472820002010B40C4AA1
:1024E800044671B941681368591A202909D8106837
:1024F80000F12103591A01E0994202D31368984266
:10250800FAD91368012063605DF8044B704700BF77
:1025180028200020704700BFF8B54FF47A7040F2C9
:10252800EE2606F0E1FD0D480D4A04680D4D0E4FEC
:1025380013783BB12B78DB0704D5036839685B1A3D
:102548000E2B0AD8036811781B1B19B1B3F5FA6F63
:10255800EED9F8BDB342EBD9F8BDF8BD282000206C
:102568006520002064200020DC2000200023436434
:10257800436041B104480268114401E0994202D322
:1025880003689A42FAD970472820002038B50F4CC2
:102598000D460621236843600D4808F0B3F80A2267
:1025A800002329460B4808F06DFB06210A4808F06D
:1025B800A9F8084808F056FB226802F1320101E048
:1025C800994202D323689A42FAD938BD28200020BC
:1025D800C8080020C40D0020D008002038B5037EAC
:1025E8000BB9632038BD0D46044608F025F810F0F5
:1025F800FF0F01D1652038BD08F01EF810F0FF0F5D
:10260800F8D008F059F8C0B2A0F158031E2BF3D83F
:1026180001A252F823F000BF71040000C9030000B2
:10262800C9030000C9030000C9030000C903000072
:10263800C9030000C9030000C9030000C903000062
:10264800C903000065040000C9030000C9030000B5
:10265800C9030000C9030000B3030000C903000058
:10266800C9030000C9030000C9030000C903000032
:10267800C9030000C9030000C9030000B303000038
:10268800C9030000C9030000C9030000C903000012
:10269800B503000020462946FFF778FF632038BDC0
:1026A80000236320237638BD70B505461646A9B1C8
:1026B80001230B4C037600212846FFF78FFF632880
:1026C8000CD02268511C23689A42F4D89942FAD255
:1026D80000212846FFF782FF6328F2D12E7670BDCD
:1026E80028200020034B00229A60DA601A615A61A0
:1026F800704700BF641800202DE9F04F00F5807E78
:10270800B1E8A00AB2E84015C5EA0643C6EA25447E
:10271800C7EA0845C8EA2746C9EA0A47CAEA29486B
:10272800CBEA0C49CCEA2B4AA0E8F8078645E7D162
:10273800BDE8F04F70474FF000022DE9F00F00F5AB
:10274800807C00BFB1E8A00AC5EA0203C2EA2544BA
:10275800C7EA0205C2EA2746C9EA0207C2EA2948C7
:10276800CBEA0209C2EA2B4AA0E8F8078445E9D176
:10277800BDE8F00F70474FF000022DE9F00F00F5AB
:10278800807C00BFB1E8A00AC2EA0543C2EA05049A
:10279800C2EA0745C2EA0706C2EA0947C2EA0908C7
:1027A800C2EA0B49C2EA0B0AA0E8F8078445E9D156
:1027B800BDE8F00F70472DE9F00F089C00F5007B8D
:1027C80051F8045B53F8046BC5EA0647C6EA254985
:1027D80052F8045B54F8046BC5EA0648C6EA254A71
:1027E800A0E880078345EBD1BDE8F00F704700BF34
:1027F80010B5044608F0C6F9204610BD024A034940
:10280800034808F0BDBB00BFB80D0020C10500009B
:10281800201F00200020704700207047F8B50125D0
:10282800027A1E4C0E46AA40C1F3072107462046ED
:1028380084F83D2084F8605084F85F5006F044F82E
:10284800F1B2204606F040F82046002106F01CF9B7
:1028580008B10020F8BD2B46397A0222204606F03E
:1028680083F90128F5D994F83A1094F83B50A94215
:1028780010D24A1C6318D2B2987E954284F83A2046
:102888004FEA002306D922440231907E84F83A1098
:102898001843F8BD4FF0FF30F8BD00BFD40D00203D
:1028A800F8B50125037A144C242903FA05F30E46DA
:1028B80008BFC2801746C1F30721204684F83D307F
:1028C80084F8605084F85F5005F0FEFFF1B22046AE
:1028D80005F0FAFFC7F30721204605F0F5FF20466B
:1028E800F9B205F0F1FF2946204606F0CDF8B0FA16
:1028F80080F04009F8BD00BFD40D00202DE9F0415B
:10290800044669480E46174609F06AF8052006F09D
:10291800EBFB20460621FFF781FF351C18BF012578
:10292800B02818BF002535B1002201232271637237
:102938002846BDE8F0814FF0010844F260023021DA
:10294800204684F80480FFF7ABFF05460028EFD047
:102958006C2226212046FFF7A3FF4FF4F9722821A5
:102968002046FFF79DFF40F622722C212046FFF7F4
:1029780097FF44F246423C212046FFF791FF40F280
:10298800371224212046FFF78BFF002E6BD0474BD0
:10299800342120469E428CBF42460022FFF780FF2A
:1029A80007EE907ADFED426A3221B8EE676A07EEE9
:1029B800906A2046F8EE677AB7FBF6F686EE277A35
:1029C80006F01F0207EE902AF8EEE77A77EE677AAC
:1029D80067EEA67AFCEEE77A17EE903AC3F30A039D
:1029E80043EAC222FFF75CFF44F2FF52302120463F
:1029F800FFF756FF732202212046FFF751FF4FF4DD
:102A0800C87006F071FB41F61D522E212046FFF7D3
:102A180047FF072204212046FFF742FFB022062184
:102A28002046FFF73DFF10220A212046FFF738FF16
:102A380000220E212046FFF733FF43F63C421021C7
:102A48002046FFF72DFF47F67F7222212046FFF729
:102A580027FF362224212046FFF722FF012328469C
:102A68006372BDE8F08144F2FF0230212046FFF78F
:102A780017FF732202212046FFF712FF4FF4C87098
:102A880006F032FB41F61D522E212046FFF708FFC3
:102A9800042220461146FFF703FF30220621204674
:102AA800FFF7FEFEBFE700BFD40D0020406603011C
:102AB80000000045014A0021FFF720BF0040C40A7A
:102AC80010B5044619B1012911D0002010BD5522B6
:102AD8002021FFF7E5FE0028F7D0E28820462421D0
:102AE80042F00402BDE8104092B2FFF7D9BE40F2AE
:102AF80073122A21FFF7D4FE0028E6D0882220216D
:102B08002046FFF7CDFE0028DFD0E28820462421AA
:102B180022F00402BDE81040FFF7C2BE38B50546F2
:102B280011B3802909D92B7900246BB9224628468C
:102B38002221BDE83840FFF7B3BEC1F180042B79EC
:102B480044EA0424002BF1D0EA88002324212846F3
:102B580022F010022B71FFF7A3FE224628462221FD
:102B6800BDE83840FFF79CBE012347F67F7222215B
:102B78000371FFF795FEEA882846242142F01002E7
:102B8800BDE8384092B2FFF78BBE00BF9FED057AD3
:102B9800DFED057AE0EE077AFCEEE77A17EE901A99
:102BA800FFF7BCBF00000143EE7CFF3E024A034929
:102BB800034808F0E5B900BFB80D0020C1050000C2
:102BC800B81E0020244B25491A68F0B412691879F8
:102BD800234BC8779A4209D2224A1278002A37D062
:102BE800214A402103F58074116002E01C46A3F5D8
:102BF80080731E491E4A0968166839B336B31D4FDB
:102C08003A88402A22D8500002F1400523F01F02DA
:102C1800014430443D8003F5807604310430BFF32D
:102C28004F8F154D2A6020329642FBD8BFF34F8F45
:102C3800BFF36F8F8A1E811E33F9040B22F8020F2F
:102C48009C4233F9020C21F8020FF5D8F0BC70470A
:102C580003F58074CDE700BF201E002000800E40E1
:102C6800400D20205620002008E200E0181E002019
:102C78001C1E0020422000205CEF00E0F8B506464C
:102C880007F0FAFD0446E8B107F0F6FD054600280E
:102C98003AD072B61F4B1A887F2A19D8002C31D027
:102CA8001D490A6842B162B6204607F039FE284637
:102CB800BDE8F84007F034BE18480C601A8005607B
:102CC80062B6F8BD054672B6124B1A887F2AE5D956
:102CD80011480022114907681A8004600C680D60C9
:102CE80062B63946304607F045FE384607F018FE0A
:102CF80030462146012207F03DFE2046BDE8F84057
:102D080007F00EBE62B6F8BD20462C4607F008FE56
:102D1800BFE700BF42200020181E00201C1E002014
:102D2800F8B5244C0121244E4FF48075204640F21A
:102D3800011707F0D7FE002000F0CAF902211F4A48
:102D480003201F4B4FF0060EC2F87C010022C3F887
:102D5800941123681B481E601B4E18619A80DD82FF
:102D68009960DD839982DF809E61DA602079A3F81B
:102D78001CE01649164B174F174E41F8202041F812
:102D88002070C6F8883007F08DFE23791349012298
:102D980003F01F05124F087003F11006AA405C11DA
:102DA800104D11481149FB7645F8260041F82420BA
:102DB800F8BD00BF201E0020A240384000801F4000
:102DC80000841F40400C202000FEFFFF00C00E4082
:102DD8000100009213000080004038405620002077
:102DE80000800E40001400209509000000E100E07A
:102DF800024A0349034808F0C3B800BFB80D0020D1
:102E0800C1050000201E0020024A0349034808F0BB
:102E1800B7B800BFB80D0020C1050000381E00205B
:102E2800024A0349034808F0ABB800BFB80D0020B8
:102E3800C1050000C01E0020024A0349034808F0EB
:102E48009FB800BFB80D0020C1050000C81E0020B3
:102E5800024A0349034808F093B800BFB80D0020A0
:102E6800C1050000E01E0020024A0349034808F09B
:102E780087B800BFB80D0020C1050000281E00203B
:102E8800024A0349034808F07BB800BFB80D002088
:102E9800C1050000401E0020024A0349034808F00B
:102EA8006FB800BFB80D0020C1050000D01E00207B
:102EB800024A0349034808F063B800BFB80D002070
:102EC800C1050000301E0020024A0349034808F0EB
:102ED80057B800BFB80D0020C1050000481E0020EB
:102EE800494B2DE9F04F1A6883B0484C197904F51D
:102EF80080751368464AAB42D17709D2454B1B7897
:102F0800002B4CD0444B40222C4605F580751A60A6
:102F1800424BDFF818B1D3F80080DFF814A1DFF8CE
:102F28001491DBF80030BAF80060B9F80070B8F115
:102F3800000F00D023BBB8F1000F34D008F1040112
:102F48002046019301EB46014036FFF7F4FB019B55
:102F580024F01F04BFF34F8F314A14602034AC4271
:102F6800FBD3BFF34F8FBFF36F8F7F2E34D8AAF8F0
:102F780000607F2F22D8A9F8007003B0BDE8F08F59
:102F88001A1D08F104012046019302EB470240375D
:102F980001EB46014036FFF7AFFB019BD8E72C4613
:102FA80005F58075B4E72BB3191D2046019301EB95
:102FB80047014037FFF7DFFB019BC9E700241846AC
:102FC800A9F8004007F0ACFC164B1A681C60CBF857
:102FD800002003B0BDE8F08F002440460193AAF812
:102FE800004007F09DFC104A0C4B116814601960F2
:102FF800019BBEE719464FF480722046019308F002
:10300800F3FA019BA4E700BF601E0020400E2020B9
:1030180000800E405720002008E200E0501E0020EB
:1030280070EF00E05C1E0020541E0020581E002097
:103038004420002046200020F8B50021044607F06F
:10304800B3FC80B172B61C4A1368002B29D01B4907
:103058000D6805B31A4E002715600860378062B600
:10306800184607F05DFC2046012107F09DFC88B159
:1030780072B6144A1368CBB113490C6874B1134D76
:103088000026146008602E8062B61846BDE8F84035
:1030980007F046BCF8BD086062B6E4E7086062B6AF
:1030A800F8BD074910600B8062B6DCE7074910607D
:1030B8000B8062B6F8BD00BF501E0020541E0020D1
:1030C80044200020581E00205C1E002046200020BE
:1030D800F8B52C4C2C4AE36F43F44023E36793681C
:1030E800002B46DBD2F88830002B42DB002342F26B
:1030F80010724FF40C6105461C2008F065FCE1696C
:10310800224A21F440612248224B41F40061E161E6
:10311800A16A0A4042F0CE02A2624268134043F418
:10312800002343602DB91C4B0322C3F82021C3F8A8
:103138002421194A0326144B0025C2F828610124CA
:103148004FF480301549164A164F174E1D66DC603D
:103158001F6158619961DA61C3F8E050C3F88C4087
:10316800C3F89060C3F89400C3F89810C3F89C2083
:10317800F8BD30B9084B0322C3F82021C3F8242135
:10318800F8BDF8BD00C00F400040384000FEFFFF0A
:1031980000C00A40F8FFF7FF00801F401B1F010016
:1031A800001F1F1F0100004701000007F8B5274D49
:1031B80000240121264E2846264F07F093FC264A74
:1031C800264B204614601C60FFF782FF244B032225
:1031D800022040F20111C3F880214FF480722B685D
:1031E8004FF0060E1E601F4EDA829880DA83D9806F
:1031F800DE6029791C4A1D4EA3F81CE098601F6107
:103208009C829C611A4842F821401A4B42F821607E
:103218002A791949C276D3F88820184F42F010420B
:10322800174C184EC3F88820996007F03BFC2B799F
:103238000122387003F01F0103F110055B118A4069
:10324800114944F8256041F82320F8BD601E00208C
:10325800400E202022403840501E0020581E0020DA
:1032680000801F4000FEFFFF00C00E4014000080D9
:1032780000800E4000403840010000905720002098
:1032880000140020B10C000000E100E0024A0349EC
:10329800034807F075BE00BFB80D0020C105000047
:1032A800601E0020024A0349034807F069BE00BFB8
:1032B800B80D0020C1050000A81E0020024A0349DD
:1032C800034807F05DBE00BFB80D0020C10500002F
:1032D800E81E0020024A0349034807F051BE00BF18
:1032E800B80D0020C1050000F01E0020024A034965
:1032F800034807F045BE00BFB80D0020C105000017
:10330800101F0020024A0349034807F039BE00BFD6
:10331800B80D0020C1050000681E0020024A0349BC
:10332800034807F02DBE00BFB80D0020C1050000FE
:10333800F81E0020024A0349034807F021BE00BFD7
:10334800B80D0020C1050000181F0020024A0349DB
:10335800034807F015BE00BFB80D0020C1050000E6
:10336800D81E0020024A0349034807F009BE00BFDF
:10337800B80D0020C1050000001F0020024A0349C3
:10338800034807F0FDBD00BFB80D0020C1050000CF
:10339800081F0020024A0349034807F0F1BD00BF97
:1033A800B80D0020C1050000701E0020024A034924
:1033B800034807F0E5BD00BFB80D0020C1050000B7
:1033C800B01E002000207047704700BF00207047E3
:1033D800002070470020704700207047036D0BB134
:1033E80001207047406D003018BF0120704700BFB2
:1033F80010B50446806D18B107F004FE0023A365DC
:10340800236D2BB104F11800BDE8104003F0A2BFF2
:10341800636D002BF6D110BDF0B5002395B04FF4C5
:103428007A74234F1A460546183104A88DF80430DB
:103438008DF80C30129313930294009703F0DEFF7B
:10344800129B53B35C20002607F0F2FB9DF8043072
:103458000446184A04A918302373029B226023618A
:10346800154A9DF80C30A2602375666003F030FFA2
:1034780063684FF47A71114A0133A760A6652E710B
:103488002E732C616360A9602A600D4B04A8009319
:1034980003F060FF284615B0F0BD139B002BD1D177
:1034A800064A2B71AC602B732B612A60EDE700BFD5
:1034B8004403002068030020C403002018030020F0
:1034C8008C020020036D13B1184602F021BD406D37
:1034D80008B100F0AFBF4FF0FF307047836C00B504
:1034E80083B063B1184601220DF1070102F042FCD6
:1034F80001280CD19DF8070003B05DF804FBC06CEF
:1035080028B101220DF1070100F0BAFEF0E74FF0F3
:10351800FF30F1E738B5846D0CB1204638BD05465B
:103528004FF4807007F066FD0146A86580B1286DEC
:103538000C7028B14FF4807203F0D4F8AC6DECE74E
:10354800686D40B14FF4807200F0B2FDAC6DE4E7F5
:10355800024CAC65E1E70C46DFE700BF5B200020CA
:10356800036D9BB11A7812F0700F00D1704710B537
:1035780004460021184602F021FE606D28B10022A1
:103588000023BDE8104000F06BBF10BD406D00285F
:10359800ECD090F8313013F0500FE7D00022002320
:1035A80000F05EBFD0B5046D8CB1012B08BF002AB6
:1035B80001D30020D0BD1146204602F0FFFD0028AF
:1035C800F7D0204602F00CFF0028F2D0D0BD446DA1
:1035D800002CEED0204600F043FF0028E9D020461A
:1035E800BDE8D04001F086BD036D13B1D869002154
:1035F8007047436D13B118695969704718461946E1
:10360800704700BF036D13B1586900217047436DBF
:1036180013B193E80300704718461946704700BF76
:10362800036D13B1184602F0A5BB406D08B100F058
:1036380027BE4FF0FF307047836C13B1184602F075
:1036480067BCC06C08B100F0F5BE4FF0FF307047A2
:10365800036D33B11B7813F0700F14BF01200020E5
:103668007047406D30B190F8313013F0500F14BFEF
:1036780001200020704700BF036963B11A68074939
:1036880092698A4208D1186D08B102F0A3BE586D3C
:1036980008B101F099BB704718461047851400001F
:1036A800836C13B1184602F095BEC06C08B101F0E6
:1036B8008BBB7047036D13B1184602F08BBE406D8B
:1036C80008B101F081BB704703698BB10E4810B493
:1036D8001C68E468844211D1186D18B15DF8044B78
:1036E80002F0BABE586D28B15DF8044B01F074BD04
:1036F8000020704700205DF8044B704718462346A9
:103708005DF8044B184700BF1D150000036973B12D
:103718001A68084952698A4207D1186D08B102F03F
:10372800F7BB586D18B100F085BE184610474FF02A
:10373800FF30704795120000836C13B1184602F0F1
:103748008BBEC06C08B101F047BD7047036D13B163
:10375800184602F081BE406D08B101F03DBD7047CA
:1037680000B5836C83B08DF8071043B11846012269
:103778000DF1070102F070FE03B05DF804FBC06CA8
:103788000028F9D001220DF1070101F025FD03B051
:103798005DF804FB10B5036982B08DF80710BBB162
:1037A8001968104ACC68944215D1186D30B10122BD
:1037B8000DF1070102F050FE02B010BD586D00284F
:1037C800FAD001220DF1070101F006FD02B010BD8B
:1037D800184602B010BD01220DF107011846A04796
:1037E80002B010BD1D150000036923B31968134A00
:1037F80010B58C6882B0944214D1186D48B101227A
:103808000DF1070102F0B6FA90B19DF8070002B079
:1038180010BD586D0028F8D001220DF1070100F005
:103828002FFDF1E7184601220DF10701A047EBE74C
:103838004FF0FF30EBE74FF0FF307047F113000017
:10384800826C62B1137803F0080303F0FF000BB336
:10385800D3695069181A48BF6FF000407047C16CAF
:10386800C9B191F8313003F0080303F0FF008BB1C0
:10387800D1E90423D1E9000130B4101A4FF0000552
:103888006FF0004463EB01018D4208BF844200D20F
:10389800204630BC70470846704700BF026D62B1D1
:1038A800137803F0080303F0FF000BB3D3695069E2
:1038B800181A48BF6FF000407047416DC9B191F8C0
:1038C800313003F0080303F0FF008BB1D1E9042382
:1038D800D1E9000130B4101A4FF000056FF0004430
:1038E80063EB01018D4208BF844200D2204630BC00
:1038F80070470846704700BF006900282FD003684A
:10390800184A1B6993420ED1026D6AB1137803F00D
:10391800080303F0FF0013B3D3695069181A48BFAE
:103928006FF0004070471847416DC9B191F83130C8
:1039380003F0080303F0FF008BB1D1E90423D1E9B8
:10394800000130B4101A4FF000056FF0004463EB2B
:1039580001018D4208BF844200D2204630BC704726
:10396800084670476D160000D0B4039C16461F46E3
:1039780034B1012C1ED0022C0DD00020D0BC7047D1
:10398800046DDCB1012B08BF002AF6D2204611468F
:10399800D0BC02F013BC036DB3B1DA69B61847F1B5
:1039A8000007012F08BF002EE7D231461846D0BCC9
:1039B80002F004BC036D93B15A69EFE7406D00282B
:1039C800DBD0D0BC00F04CBD436D002BD5D01846E1
:1039D800D3E9042392197B41D0BC00F041BD436D6B
:1039E800002BCAD01846D3E9002392197B41E8E797
:1039F80038B504460C4B806D236018B107F002FB04
:103A08000023A365236D04F118054BB1284603F084
:103A1800A1FC064B2846A36003F09CFC204638BD59
:103A2800636D002BF2D1F4E7680300208C020020BC
:103A380038B504460E4B806D236018B107F0E2FAE2
:103A48000023A365236D04F118056BB1284603F024
:103A580081FC084B2846A36003F07CFC20465C21CF
:103A680007F0E8F8204638BD636D002BEED1F0E78B
:103A7800680300208C02002070B5254B05460469B8
:103A880003601CB16668013E66600EB1284670BDD1
:103A98002368204ADB6A93422CD1A06D10B107F04D
:103AA800B1FAA665236D5BB304F1180003F052FC6C
:103AB8002C69002CEAD02368174A5B6893421CD112
:103AC800164BA06D236018B107F09CFA0023A3657C
:103AD800236D04F11806BBB1304603F03BFC104BD4
:103AE8003046A36003F036FC20465C2107F0A2F8BC
:103AF800284670BD20469847DAE720469847C5E72C
:103B0800636D002BD0D1D3E7636D002BE4D1E6E7DA
:103B180018030020C11100000118000068030020EC
:103B28008C02002070B5294B0446056903601DB15D
:103B38006E68013E6E602EB12046142107F07AF8B7
:103B4800204670BD2B68224ADB6A934230D1A86DAB
:103B580010B107F057FAAE652B6D7BB305F118006D
:103B680003F0F8FB2569002DE6D02B68194A5B683D
:103B7800934220D1184BA86D2B6018B107F042FA78
:103B88000023AB652B6D05F11806DBB1304603F059
:103B9800E1FB124B3046AB6003F0DCFB28465C21AE
:103BA80007F048F82046142107F044F8204670BD75
:103BB80028469847D6E728469847BDE76B6D002BFF
:103BC800CCD1CFE76B6D002BE0D1E2E718030020E2
:103BD800C111000001180000680300208C020020B9
:103BE80070B440F20125046825611BB31E46F1B18B
:103BF8000D780131013B6566256FAD0706D4656F09
:103C0800013EEDB212B11570013204686569ED0725
:103C1800F2D5002BEBD16EB101680B6F9B07FCD47A
:103C28004B6FDBB20AB113700132013EF3E790F833
:103C38003C50DFE770BC70470BB1FFF7D1BF70474E
:103C48004FF0FF30704700BF0020704701207047D9
:103C5800704700BF012BF0B5054695B03BD0022B4D
:103C680001F1040140F20223684618BF002303F063
:103C7800F7FB129B002B37D05C2004AF06F0D8FF6F
:103C88009DF8042004461F4B0026DFF888E02273C5
:103C98003946029A1830A3609DF80C3022612375CA
:103CA800C4F800E0666003F013FB63684FF47A71B0
:103CB80015480133154AA6652E712E732C61A06034
:103CC8006360A9602A60124B3846009303F042FBF8
:103CD800284615B0F0BD44F202230431684603F0CB
:103CE800BFFB129B002BC7D1139B002BC4D14FF4F1
:103CF8007A71064A2B7104AF2B732B61A9602A6075
:103D0800E1E700BFC403002044030020180300209B
:103D18008C0200206803002030B5D0F884448FB0AE
:103D2800A4B100250A466846214601238DF80050B3
:103D38008DF801508DF8025002F00EF808B90FB056
:103D480030BD684602F08AFE0FB030BDD0F8880456
:103D58000028F4D00A460123014668468DF8314010
:103D68008DF832408DF8334000F070FE0028E6D020
:103D7800684600F0DBFE0FB030BD00BF30B5D0F8AC
:103D880084448FB07CB100250A46012304F589617B
:103D980068468DF800508DF801508DF8025001F0FA
:103DA80013FF0FB030BDD0F888040028F9D00A46B8
:103DB800012300F5896168468DF831408DF832405D
:103DC8008DF8334001F0D0F80FB030BD30B5D0F8E1
:103DD80084448FB074B100250A46684621462B46B4
:103DE8008DF800508DF801508DF8025001F0B4FFA5
:103DF8000FB030BDD0F888040028F9D00A46234611
:103E0800014668468DF831408DF832408DF83340D0
:103E180000F01CFE0FB030BD38B50546D0F884045C
:103E2800C0B1C469013C03F0F5F9D5F88434241A0B
:103E380043B198794FF4007303FA00F080B2A0FB05
:103E4800040138BDD5F8883463B1D3F83C04A0FB2D
:103E5800040138BDD5F8880420B1D0F8304401F009
:103E680087FCE2E70020002138BD00BF30B5D0F85C
:103E780084448FB0A4B100250A46684621462B46E3
:103E88008DF800508DF801508DF8025001F064FF54
:103E980008B90FB030BD684602F062F90FB030BD06
:103EA800D0F888040028F4D00A462346014668461C
:103EB8008DF831408DF832408DF8334000F0C6FD62
:103EC8000028E6D0684600F09DFE0FB030BD00BF68
:103ED80070B5D0F884448EB01646C4B1002504F5F8
:103EE80089640A46684621462B468DF800508DF8AD
:103EF80001508DF8025001F0CBFE08B90EB070BD2C
:103F080032462146684602F039F80EB070BDD0F846
:103F180088040028F2D000F589650A4623466846D9
:103F280029468DF831408DF832408DF8334000F045
:103F38000BFD0028E2D032462946684601F082F897
:103F48000EB070BDD0F884244AB191794FF4007353
:103F5800D0698B4001389BB2A3FB00017047D0F8B1
:103F6800882432B1D2F83034D2F83C04A3FB0001E3
:103F78007047002000217047134B14491448154A14
:103F8800F0B40024072701262925C3F89414124900
:103F980018601846C3F8A024C3F8A814C3F8AC7472
:103FA80083F8B56483F8B754C3F88444C3F88844E5
:103FB80083F89C4483F89D4483F8BA44074A084927
:103FC800F0BC06F0DDBF00BFAC1800203C040020A8
:103FD800E80300209404002000093D00B80D0020EB
:103FE800211A000070B50446406804F11006036801
:103FF800E1683246DB69984740B1237805469A075D
:1040080007D423F001032846237070BD00252846F5
:1040180070BD60683246A168E66803683144DB69B0
:1040280098470028F2D02378EBE700BFF8B543683B
:10403800FBB1C368044615460F468B420ED0037881
:10404800DA0712D46B0716D504F11006002205F022
:1040580003053046E76015432570F8BD10F9102BAD
:1040680005F0030515432570F8BDFFF7BBFF0028D1
:10407800E8D10020F8BD606804F1100639460368ED
:104088003246DB6898470028E0D1F2E70378DB077F
:1040980001D401207047FFF7A5BF00BF10B5044643
:1040A80000F092FE002384F8313084F8333010BDDC
:1040B8002DE9F04300F1240385B081468846154672
:1040C80001AE90F8314093E8070086E80700ACB3EA
:1040D80099F83030012B38D901270024012F3146B7
:1040E800D9F8200014BF2022402201F0C5FA012887
:1040F80024D100223146D9F8200001F0A1FAE8B114
:104108000378C12B1AD108EB040E04F10F0C30F818
:10411800022F631C3F21CAB1AB4217D27E2A1C462C
:1041280098BFD1B263450EF8011BF0D1013799F859
:104138003020FFB2BA4209D91C46CFE700231846FF
:1041480088F8003005B0BDE8F0830024002320463D
:1041580008F8043005B0BDE8F08300BF90F83120BE
:104168000AB10020704738B50D461146382204467A
:1041780007F03AFA40230120256284F8313084F8A8
:10418800330038BD2DE9F0410878202803D111F813
:10419800010F2028FBD0516008782F2864D0002810
:1041A80062D05C2825D0A0F12204E4B21A2C23D9CD
:1041B8004D1C0026DFF8C4E003E01A2C2EFA04F7A1
:1041C80022D9A0F13E040136A0F1200CA846012C0A
:1041D80037460ED97C280CD0BCF15E0F09D815F8EB
:1041E800010BA0F12204A0B12F28E4B211D05C2861
:1041F800E3D10020BDE8F081204D25FA04F4E5075D
:10420800D6D50020BDE8F081FC07DAD50020BDE84E
:10421800F0812F2801D0202823D1701C084405469E
:1042280010F8014B202CFAD02F2CF8D01D609EB12D
:104238000F4417F8013C202B01D02E2B0AD1731EF6
:1042480019441E464BB111F8010D013B2E28F8D038
:104258002028F6D0FF2ECCDC334613600120BDE8C1
:10426800F081C3F80080E3E7202801D02F2802D18D
:1042780000273E46D1E719600023EEE7010100055B
:104288002DE9F04F90F8333083B00546DE0760D54E
:104298005C060E46914640F1BE80D5E90001D5E99D
:1042A800042310EB090A41F1000B5B4508BF524596
:1042B800C0F0B780B9F1000F74D0AA464C4640F25E
:1042C800FF17FAE806012B6AD3F8382402EA000837
:1042D800C8F3080BB8F1000F6AD150EA010279D18E
:1042E80095F8312051064CBFD3F83414E969A96117
:1042F8004FEA58200239D3F82C24BC4293F845E4FD
:10430800024401FA0EF111442ED9BBF1000F2BD152
:10431800D3F81C22914227D0B4F5806F61D34FF0B7
:10432800010C4FEA54280CFA0EFEC0EB0E00804533
:1043380028BF804691423DD801EB0800824239D21D
:1043480003F5047001910093FFF7A0FE009B01990B
:1043580080BB95F832304FF0FF3043F0020385F808
:10436800323003B0BDE8F08F03F504700022FFF788
:104378005DFE0028EDD0CBF5007800EB0B01304650
:10438800A04528BFA046424604F07EFC40460021D6
:104398004644D5E9002380185941B4EB0804C5E91F
:1043A800000190D10024C4EB090003B0BDE8F08FF0
:1043B800A9699DE7D3F8140232464346D0F800E0D5
:1043C800DEF810B0D8470028C3D04FEA48280021AB
:1043D8004046DDE795F83320520610D5A96901312A
:1043E80085E7D3F8140232460368DB68984700284B
:1043F800AFD04FF4007000214FF40078C8E718469A
:104408005246A96901F064F940B20028A1DB0BD03B
:104418002B6AA9696CE790F8313018073FF53DAF72
:1044280048E7C0EB020945E795F8313013F0500F23
:10443800B9D18EE7F0B583B00122044685690DF144
:104448000701D0E90067FFF71BFF0128A5610CBF32
:104458009DF807004FF0FF30C4E9006703B0F0BDD6
:104468002DE9F04F90F831E085B004468569BEF13A
:10447800000F36D016461F46D0E90001994208BF02
:10448800904265D056EA070330D10023A36101208A
:10449800C4E9006705B0BDE8F08F10F1FF3241F1C3
:1044A800FF3322FA0CFC03FA08F823FA0AFA50EA56
:1044B80001034CEA080C4CEA0A0C4BD0E34549D3FB
:1044C800CCEB0B0BA94604F118085D464246002DBB
:1044D800DDD0A169013D206A01F0FAF80028F5D184
:1044E8004D460020A56105B0BDE8F08F1EF0080F0D
:1044F80027D1236A16F1FF3893F845C447F1FF39ED
:10450800C24603930CF1090CCB4694F833905FFA3A
:104518008CFC19F0400FCCF120082AFA0CF2CDE9F6
:1045280000AB019BACF1200A03FA08FB23FA0AF35B
:1045380042EA0B0242EA030BAFD0E3695B44A36192
:10454800A5E7D4E90423BB4208BFB242C9D3D0E7E8
:104558000120C8E71EF0400F02D1E369A361B1E76B
:10456800039BD3F83434F9E72DE9F04F9A4693B01A
:1045780090F83130054600922BB991F831300E464B
:1045880013F0500F08D10023184685F8313085F80C
:10459800333013B0BDE8F08F1C9B03F00303012BED
:1045A80006D0022B00F00981002BECD1012300E09A
:1045B80002231C9A02F0080213430193009B002B6C
:1045C80000F0FD8018460022514601F043F996F8A4
:1045D800313002904BB1D6E90023134305D00021B6
:1045E80000220023B161C6E900230AF10E03B8498D
:1045F8004FF0000981FB0321DA174C464F460B4464
:10460800C2EBE303DBB2039302335FFA83FB20229E
:104618000AA93046FFF734FE00283DD02028B2D141
:104628009DF828301A0666D4002C61D13268B16929
:10463800203A079108920134E4B26BB3C02B00F022
:104648009380C12B62D0852BE1D1382200212846E6
:1046580006F0CAFF9DF82C309DF82920D806304670
:1046680085F8302003F0370258BF42F0080285F879
:1046780031203368316AB269203B29620AA96A622B
:104688002022AB6296F83330C3F3801385F82C30C0
:10469800FFF7F6FD0028C1D11C9B99057FF573AF84
:1046A800019B9A077FF56FAF009B002B3FF46BAF20
:1046B8005C450CD386E020287FF465AF24B93268C6
:1046C800B169203A07910892DCB2A3457AD9202231
:1046D8000AA93046FFF7D4FD631C0028EBD1304609
:1046E800B76900F0A1FB00283FF44DAFB761ECE7D4
:1046F8005C45A2D29FE7B9F1000F9FD15C4538BF56
:104708000024852B83D14FF001099EE7C7EB0A08E7
:104718003A4600990AA85FFA88F8B8F10F0F28BF3F
:104728004FF00F08434601F067F800283CD0474493
:10473800FFB2BA457FF46BAF1C9B1B053FF523AF57
:104748001C9B13F4884F40F0A08095F833309F07E6
:1047580000F19B801C9B5B053FF515AF1C9B580423
:1047680000F1B880012014E79DF82930019A9907D3
:1047780085F8332003D542F0400385F833300F998C
:10478800DDE90C23E961C5E90423DDE91001009B9B
:10479800C5E90201002BCFD09DF82B30534505D039
:1047A8004FF000094F4632E7814630E7BDF82C301C
:1047B800029A9342F4D1002729E70323F9E6009BE4
:1047C800029312E796F83330002138222846C3F3C3
:1047D80080130F460DF11C0805F124048DF82430D0
:1047E80006F002FF039A336A0AF11E0602F1010974
:1047F80008222B62F6B285F831205FFA89F9CDF8E4
:104808000CA0DDF800A098E8070084E80700184627
:104818000122414600F014FF044600283FF4B3AEDD
:1048280090F90030002BFFF6AEAE2022002106F0F2
:10483800DBFE002F67D0012F55D0C7EB07130F2ED3
:104848004FF0C1013246A3F11E0328BF0F22217089
:10485800DBB252B1023412B2534404EB420213F8F1
:10486800011B24F8021BA242F9D10137FFB2BB4554
:1048780029D920224146286A00F0FEFE01287FF44B
:1048880082AE0F3E286AF6B2C2E795F8313013F0CF
:10489800110F7FF478AE1C9B5E057FF55FAF95F82E
:1048A80033309C077FF56FAE002200232846FFF7C0
:1048B800D7FD00283FF467AE284600F01BFC00280F
:1048C8003FF461AE4EE7284600F07EFA61E600BF8D
:1048D800898888882846D5E90423FFF7C1FD002880
:1048E8007FF440AF4FE6019BC021032263F03F03F2
:1048F8002170627085F833309DF80C30E370BDF894
:104908000830A380B1E7852323700E4B85F83090DB
:1049180084F801901B687BB10DF117020DF11A01A3
:1049280006A89847BDF81810BDF81A209DF817304A
:1049380061812281237598E745F221436381E381F0
:10494800638292E79C1D00202DE9F043064695B04E
:1049580000200D4696F8311003928DF849008DF825
:104968004A008DF84B0029B9994695F8313013F073
:10497800500F03D1002015B0BDE8F083137814461A
:104988002F2B35D04FF00008214603AB04AA304640
:10499800FFF7F8FB0028EDD0039B1B78002B3CD0D9
:1049A8009DF810302946059A3046CDF80080FFF76B
:1049B800DBFD0028DED0344606AF06F1300E206855
:1049C800103454F80C1C3D4654F8082C103754F891
:1049D800043C74450FC5F2D1206806AD38603046F6
:1049E80000F0F2F986F8318086F83380039CCBE733
:1049F8000134039421782F29FAD0D1B106A838229E
:104A080000212F6A054606F0EFFD402201230E978C
:104A18008DF849208DF84B30B4E79DF810302946C1
:104A2800059A3046CDF80090FFF79EFD15B0BDE819
:104A3800F083382230462C6A06F0D6FD4023012048
:104A4800346286F8313086F8330094E719B101F5FD
:104A58008961FFF779BF0846704700BF90F8313089
:104A680053B930B591F8314083B00D4614F0500475
:104A780004D1204603B030BD00207047D5E9004579
:104A8800002504F01F042C4302D0184603B030BDA3
:104A980000921A46FFF768FD03B030BD8169F8B58A
:104AA8000446006A01B10131012200F0FDFC012831
:104AB80006462ED901230146206A1A4600F04EFD0B
:104AC800074630B3A3693BB394F83320510612D597
:104AD800591C8E4226D022F04002E16984F8332026
:104AE80005E0206A00F0FEFD294690B1A3694D1C3F
:104AF80099422A46F5D34FF0FF323146206A00F03A
:104B0800F1FD30B1A16969B13246206A00F0EAFDD1
:104B180040B900273846F8BD94F8333043F04003D5
:104B280084F83330A6613846F8BD00BF2DE9F0435C
:104B380000F1240385B090F83340054601AE93E8B0
:104B4800070086E80700A2071BD5E969E9B9002430
:104B580001223146286A013400F072FD88B10378D9
:104B6800E4B203F07F03037095F83030A34231D3E9
:104B7800002CEDD020223146286A00F07DFD012866
:104B8800E6D0002005B0BDE8F0836306286A1CD58E
:104B980090F845240023D5E90289093218F1FF3835
:104BA800D2B249F1FF39C2F12007A2F1200428FA54
:104BB80002F209FA07F729FA04F43A4322430132C8
:104BC80000F0CCFC0028C2D1DBE700F09DFD0028F6
:104BD800BDD1D6E700232C6A85F83130204685F808
:104BE8003330FFF753FA0028CBD004F50470FFF7F1
:104BF8004DFA0028C5D0D4F8400403689B6998474B
:104C0800C0E700BF90F83130D90601D400207047C2
:104C180010B5002288B000230446FFF721FC06E007
:104C2800202819D19DF800301A0615D433B1202256
:104C380069462046FFF724FB0028F1D194F8333069
:104C48000822204643F0020384F8312084F83330E8
:104C5800FFF76CFF08B010BD002008B010BD00BF02
:104C68002DE9F04F002787B000F1240B06460DF11F
:104C78000C08BA463C469BE8070088E80700002273
:104C88004146306A5FFA87F900F0DAFC054630B130
:104C98000378C02B59D0C12B2ED0852B09D096F87C
:104CA8003230002043F0010386F8323007B0BDE807
:104CB800F08F96F83120434B02F0370290F801A0AC
:104CC8001B68828083B10DF107020DF10A0102A869
:104CD8009847BDF80A20BDF808309DF80710AA814A
:104CE80069752A82EB816B82326A92F8103243F03E
:104CF800010382F810322B78E103A3F1850000222A
:104D080041EA5404B0FA80F0012113FA84F340090F
:104D18009CB20A44E30303211F2A43EA540309D837
:104D2800AC5C012A14FA83F39CB201D10028F0D1BB
:104D38000121EEE7CA4526D020224146306A0137D4
:104D480000F09AFC01289AD0A9E796F8333013F0BE
:104D5800400F437814BF43F0020323F0020343706B
:104D6800306AF169D6E904236961C5E90223D6E905
:104D78000223C5E9062390F8103243F0010380F8B6
:104D880010322B78B8E759460122306A00F058FCF7
:104D9800002884D0356A44802846FFF777F9002830
:104DA8003FF47DAF05F50470FFF770F900283FF474
:104DB80076AFD5F8400403689B69984700283FF40C
:104DC8006EAF73E79C1D002090F8312092B138B582
:104DD80090F8332011060FD4056A04462846FFF7D9
:104DE80055F988B994F83230002043F0010384F86B
:104DF800323038BD0120704702F07F0280F833203E
:104E0800BDE83840FFF72CBF05F50470FFF73EF901
:104E18000028E7D0D5F8400403689B699847002824
:104E2800E0D0012038BD00BF2DE9F04190F83130C5
:104E3800044659065FD48068236AD3F83C34184482
:104E4800B0F1806F02D30020BDE8F0812046FFF763
:104E580025FE0028F7D0266A96F81032DA074ED4D5
:104E68004FF0FF33002506F508784FF40072C6F8B6
:104E78001C32294686F81052404606F0B5FB226AD5
:104E8800A769012692F84514023FD2F82C348F40C6
:104E98001F4416FA01F310D0D2F84004791942469B
:104EA80001350368DB6998470028CCD0226A92F85C
:104EB800453406FA03F3AB42EED894F831305B067A
:104EC80014D494F83330002763F07F0384F8333028
:104ED800D2F83C64D4E90223D4E9040192197B4155
:104EE80080197941C4E90223C4E904012046BDE8D8
:104EF800F041FFF769BF006A00F072FC9CE706F515
:104F08000470FFF7C3F80028AAD19CE791F8313064
:104F180013F0500F01D10020704730B540F602253C
:104F280083B01378044652680095FFF71DFB10B94B
:104F3800002003B030BD1023204684F83130FFF73D
:104F480073FF0028F4D0A169002200232046E16104
:104F5800FFF786FAC123204684F8333003B0BDE852
:104F68003040FFF731BF00BF2DE9F043064695B04A
:104F780000200C4696F8311003928DF849008DF800
:104F88004A008DF84B0029B9994694F8313013F04E
:104F9800500F03D1002015B0BDE8F08313781146F7
:104FA8002F2B39D04FF0000803AB04AA3046FFF787
:104FB800E9F80028EED0039B1B78002B3AD09DF827
:104FC80010302146059A3046CDF80080FFF7CCFA1C
:104FD80048B9B9F1000FDDD0214604AA3046FFF7E1
:104FE80095FF0028D6D0344606AF06F1300E20686B
:104FF800103454F80C1C3D4654F8082C103754F85B
:10500800043C74450FC5F2D1206806AC38603046C0
:10501800FFF744F80399C7E7013103910B782F2B69
:10502800FAD0216A06A8FFF799F80028B2D006AC92
:105038000399B7E704AA21463046FFF767FF15B082
:10504800BDE8F083F0B590F831409DB0002314F02E
:10505800180F8DF831308DF832308DF833308DF8E7
:1050680069308DF86A308DF86B3003D00B6A046AAA
:105078009C4202D000201DB0F0BD044640F601233A
:105088006846FFF761FC0028F4D0254604F1300E8D
:105098000EAF2868103555F80C1C3E4655F8082CFC
:1050A800103755F8043C75450FC6F2D1286809AA8F
:1050B80004F1240338609DF8305007CA83E80700DC
:1050C80094F83330204684F8305063F07F0384F836
:1050D8003330FFF779FE0028CCD0002102220823C4
:1050E8000EA815918DF86B208DF86930FFF71EFD1D
:1050F800C1E700BF90F833309A0718D5F0B5C569F5
:1051080083B08DB103F04003044603F0FF0683B972
:105118008169002942D10195C1612946206A00F0C0
:10512800F3FA38BB002000E0012003B0F0BD0020F6
:105138007047006AA16990F84524D4E902670932EA
:1051480016F1FF36D2B247F1FF37C2F1200EA2F1B5
:10515800200326FA02F207FA0EFE27FA03F342EAC0
:105168000E021A430132B1B1013D4B1C691A019379
:105178000A440ABB94F833302046D4E9006763F048
:105188007F03C4E9026784F83330C4E90467FFF792
:105198001BFE03B0F0BD0195E161EAE702AA006ACF
:1051A80042F8046D00F094FA40B20028BADB0AD144
:1051B800019D002DDED0B0E70023019900F0CEF963
:1051C8000028D7D1AEE74FF0FF32A169206A00F07E
:1051D80089FA0028ECD1A5E72DE9F04F90F8333093
:1051E80083B004469D0700920AD494F832304FF0F9
:1051F800FF3043F0010384F8323003B0BDE8F08F8C
:105208001A07884600F10781009B002B00F01781E0
:105218002146009D4FF0010AF1E8062393460191CB
:10522800206AA169D0F8386406EA0B06C6F30809B3
:1052380056BB002900F0BD8094F833305B0640F17E
:10524800D28090F84524E3690932D4E902BCD2B28D
:105258001BF1FF3BC2F1200EA2F120074CF1FF3CED
:105268002BFA02F20CFA0EFE2CFA07F742EA0E02AB
:105278003A431A449142C0F0B3802046FFF70EFC2F
:105288000028B2D0206AA169760A0239D0F82C74B5
:1052980090F845E4374401FA0EF13944B9F1000FAA
:1052A8005BD1B5F5007F2CBF00220122002A54D122
:1052B800B5F5806FC0F081800AFA0EFE6B0AD0F84F
:1052C8001CC2C6EB0E06B34228BF334661454FEAFF
:1052D800432708D85E18B44505D24FF0FF3680F84A
:1052E8001022C0F81C62D0F8140242460668366ADA
:1052F800B04700283FF479AF38460021B844ED1B89
:10530800D4E90023D4E9046712EB000B43EB010C4A
:10531800674508BF5E45C4E900BC07D294F833105E
:1053280061F07F01C4E904BC84F83310002D7FF4D8
:1053380077AF5A466346D4E90201994208BF9042C2
:1053480071D3404B1B68002B77D094F8333000980A
:1053580063F07F0384F833304FE7B9F1000F26D1AB
:10536800D4E90423D4E900679F4208BF964234BFBA
:105378000122052200F50470FEF758FE00283FF4CC
:1053880034AFC9F5007748444146AF4228BF2F469D
:10539800B9443A4603F078FCB9F5007FACD1206AED
:1053A80000F50470FEF772FE0028A5D11DE7012262
:1053B800E0E7E169F1B1A16166E7D0F81C329942F2
:1053C80022D0D0F8140242460368DB6998470028C7
:1053D8003FF40BAF4FF4007000214FF400778DE7D6
:1053E8000131A16150E7019A00F072F900287FF4B9
:1053F80049AF42E72046FFF751FB00283FF4F5AEDE
:10540800A169206AE1613FE74FF0FF3380F810227D
:10541800C0F81C32D5E7D0E90423FFF721F80028AB
:105428003FF4E3AEF0E694F83310009861F07F01A2
:10543800C4E9022384F83310DFE60098DDE6D4E9F6
:10544800002378E79C1D002038B50C46D0F82414BA
:10545800154600F50470002201EBD411FEF7E6FDB5
:1054680040B1A400C4F3080403595A1C04D02B60AB
:10547800012038BDFF2038BD002038BD38B50C46A6
:10548800D0F82414154600F50470012201EBD4115C
:10549800FEF7CCFD034628B1A4000120C4F308049C
:1054A8001D5138BD38BD00BF2DE9F84F80469146E3
:1054B8008B46002943D08F1ED8F830349F423AD209
:1054C80007F007050123C7F3C80A03FA05F5EDB28B
:1054D8003E463C46D8F82C140022404601EB1431D5
:1054E800FEF7A4FDC0B110F80A100AE04A4529D019
:1054F800A74210D0D8F83024944216D213F0FF05F2
:105508000CD001340D424FEA4503A4EB0602EDD05E
:10551800A7422646EED10120BDE8F88F0AF1010A1C
:105528000125BAF5007FDED101E0002634464FF0B0
:10553800000A0125CEE700270125BA46C8E7D0F8BA
:105548002074B9E7BBF1000F04D1B9F1010F08BF0E
:10555800C8F82064B01CBDE8F88F00BF2DE9F047FB
:10556800023915469A46D0F830244B19934238D858
:105578008046BAF1000F37D1D0F82034994238BFAD
:10558800C0F8201401F007040122D8F82C34C1F324
:10559800C80602FA04F403EB1139E4B201224946C1
:1055A80040469144FEF742FDD8B1871900F50070D6
:1055B80017F8012B224282EA04024FEA440414BF7E
:1055C8000126002656450CD0013D07F8012C17D0BE
:1055D80014F0FF04EED1874226464FF00104E7D1CC
:1055E800DCE70020BDE8F087D0F820048342C9D961
:1055F8008142C7D8934228BF0023C8F82034C1E7A6
:105608000120BDE8F08700BF70B582B005460024D0
:1056180002AE46F8041DD5F8303401990133994299
:1056280002D9002002B070BD32462846FFF70CFFB1
:10563800013440B20028F4DBEDD1204602B070BD41
:1056480070B50E460446D0F8385400F50470496821
:1056580033682940D4F82C54023B94F8454405EBB0
:105668005121A3401944FEF7E1FC18B17368C3F354
:105678000803184470BD00BF70B54C680D46D0F8DB
:1056880038340646A1181C40696090F84534224415
:105698000933DBB222FA03F43CB12B7A3BB12B6815
:1056A80001332B60013C002CF7D1012070BDD6F8E6
:1056B800303429680133994202D94FF0FF3070BD68
:1056C8002A463046FFF7C0FE40B20128EAD070BD36
:1056D800D0F8303401338B4201D2FF207047FFF7F6
:1056E800B3BE00BF01290DD9D0F830340133994237
:1056F80010B403D900205DF8044B70475DF8044BE3
:10570800FFF7BCBE00207047F0B50C4683B00546D5
:105718000F46D5F8303401339C4202D9002003B03B
:10572800F0BD214601AA2846FFF78EFE012C46B29D
:1057380021462846F2D9F20FF0D1D5F8303401339A
:105748009C42EBD8FFF79AFE394600230028E5D0A3
:10575800621C2846019C0EB1A242DAD0D21BFFF788
:10576800FDFE0028DAD0019C002ED8D02746D0E7CD
:105778002DE9F84300248046D0F82C6400F504771E
:1057880025463146002238460136FEF74FFC28B33D
:1057980000F1FF3ED8F830C405F580591EF8010F16
:1057A800FF2813D048B10822012318424FEA4301C9
:1057B80018BF0134013ACBB2F7D10835AC4509D945
:1057C8004D45DED01EF8010FFF28EBD1083508340F
:1057D800AC45F5D8C4EB0C00BDE8F883BDE8F88308
:1057E80010B50446D0F83414FFF70EFF94F845348A
:1057F8000933DBB2984010BD4BB370B444887E2C9B
:105808001FD8134402300A44194412F8013BE4B289
:10581800A3F16106A4F16105192E94BF2026002684
:10582800192DA3EB060394BF20250025DBB2641BCA
:10583800E4B29C4205D18A4206D030F8024F7E2C51
:10584800E3D9002070BC7047012070BC704701206C
:10585800704700BFD1B1014430B410F8014BD303F5
:1058680043EA5202A4F16103A4F12005192B98BF61
:10587800ECB2814214FA82F292B24FEAC23343EA9E
:10588800520292B2E9D1104630BC704710467047B8
:1058980038B50D4604462422002105F0A5FEA56072
:1058A800EB79102B08D0202B04D140230120237042
:1058B800A07038BD002038BD202301202370A070BF
:1058C80038BD00BF024638B552F8105F04468068FC
:1058D800294601F035FC50B155B123690135AB4279
:1058E800A37818BF03F0BF0363F07F03A37038BD2C
:1058F800A37843F04003F7E72DE9F041037803F07C
:1059080020032BB903F0FF044169204B994203D9C6
:1059180000263046BDE8F0810546FFF7D3FF06466E
:105928000028F5D0A96805222B698F7901F1280094
:10593800023B4969BB405F183946FEF777FB804652
:105948000028E5D04FF40072214605F04DFEAB6803
:105958001A79012A10D9012404E0AB68E4B21A7953
:10596800A24209D91868E119424601340368DB6983
:1059780098470028F1D1CBE79B794FF40072696909
:1059880002FA03F311FA83F36B61C2E7FFFD1F000C
:1059980010B5044680680A462830A169FEF746FB20
:1059A80020B1A38803F00F0300EB431010BD00BF24
:1059B80030B590F9023083B00446002B19DBA56896
:1059C80005F12800FEF762FB30B96378002043F048
:1059D8000103637003B030BD05F50E70FEF756FB8A
:1059E8000028F2D0286803689B6998470028ECD003
:1059F800F0E70121FFF7CCFF05460028E5D0037842
:105A0800E52BE2D023781B0701D5E369C361236A3C
:105A18000B491A0C6B830B68AA8263B10DF1030260
:105A28000DF1060101A89847BDF80430BDF806201D
:105A38002B836B82EA82A37803F07F03A370BEE70F
:105A48009C1D002010B50378044623B900230120CB
:105A58002370A37010BDFFF7ABFF00232370A37062
:105A680010BD00BF2DE9F0410C7888B014F0700F1C
:105A780003D1002008B0BDE8F08140F602230546B6
:105A88000C4601F0DFF80028F3D001221023284645
:105A9800AA702B70FFF730FF0028EAD02A692B780C
:105AA8002A62002B7FD101212846FFF771FF0746A4
:105AB8000028DED0102300687968EE46FB724FF0AC
:105AC8002E0CBA6808AEFB68B7F81480AEE80F0071
:105AD800BA69FB693869796906F820CD0DF10A0CB5
:105AE8007F8BAEE80F003346202203F8012F634571
:105AF800FBD1A86801222B6A90F806E02830023B07
:105B080050F8141C03FA0EF31944FEF78FFA864670
:105B18000028AED0ADF814804FF02E08ADF81A70FA
:105B280037460FCECEF80000CEF80410CEF8082085
:105B3800CEF80C308DF801800FCECEF81000CEF8DC
:105B48001410CEF81820CEF81C30236A1A0CADF8C1
:105B58001A30ADF814200FCFCEF82000CEF824105C
:105B6800CEF82820CEF82C300FCFCEF83000CEF863
:105B78003410CEF83820CEF83C30AC6804F1280058
:105B8800FEF784FA00283FF474AF04F50E70FEF7B0
:105B98007DFA00283FF46DAF206803689B6908B060
:105BA800BDE8F04118476B6933B1AB78002223F0A8
:105BB80020032A616A61AB702846FFF7F9FE0028C6
:105BC8003FF457AF6FE700BF2DE9F041064692B0AA
:105BD80000200C46317801928DF824008DF82500BC
:105BE8008DF8260021B99846237813F0700F03D159
:105BF800002012B0BDE8F081137810462F2B2DD06D
:105C0800002701AA03A900F0E7FD03AA2146002303
:105C18000028EDD0019D30462D78002D30D001F0C0
:105C280011F848B9B8F1000FE2D0214603AA30466E
:105C3800FFF718FF0028DBD0354609AC96F800E0DE
:105C48000FCD0FC40FCD2D680FC42560BEF1000F16
:105C580012D1377009ACB7700198D2E701300190C2
:105C680003782F2BFAD0A16809A8FFF711FE0028A6
:105C7800BED009AC0198C3E73046FFF799FEE8E7C4
:105C880003AA21463046FFF7EDFE12B0BDE8F081C9
:105C98002DE9F041064692B000200D463178019278
:105CA8008DF824008DF825008DF8260021B9984636
:105CB8002B7813F0700F03D1002012B0BDE8F081EB
:105CC800137810462F2B29D0002702E0019837704F
:105CD800B77001AA03A900F07FFD03AA2946002393
:105CE8000028E9D0019C3046247834B300F0AAFF9C
:105CF800354609AC0028DFD096F800E00FCD0FC478
:105D08000FCDD5F800C009AD0FC4C4F800C0BEF16E
:105D1800000FDBD03046FFF74BFED7E7013001908C
:105D280003782F2BFAD08BB1A96809A8FFF7B0FD2B
:105D38000028C1D009AD0198C6E7434603AA294601
:105D4800304600F07FFF12B0BDE8F081A968304608
:105D5800FFF79EFDB1E700BF19B101F58961FFF7B3
:105D680097BF0846704700BF03780BB10020704703
:105D7800FFF78EBD2DE9F04F837883B00546DF0726
:105D880040F190800F46017891460E0700F193800C
:105D98008C0608D5826843691289C3EB42139BB20B
:105DA800994528BF9946B9F1000F00F0AA806B69A0
:105DB80088064E464FF0000805F1100AAA68C3F39A
:105DC800080440D5116A01EB5321002C54D1B6F5D3
:105DD800007F51D3536B99424ED0B6F5806F73D381
:105DE80028784FEA562B800605D41079C8EB0000B6
:105DF800834528BF834699424FEA4B240DD801EBCF
:105E08000B00834209D202F1280001910092FEF7AB
:105E18003DF9009A0199002844D0D06A5B463A4679
:105E2800D0F800E0DEF810B0D84700283AD06B6907
:105E3800361B274423446B6163D02978C3F30804D5
:105E4800AA688806BED492F8058008EA5328002C70
:105E580038D1B8F1000F35D1002B3FD148064CBFDF
:105E6800136A2B6A2B619179023B50698B4008EBCE
:105E780000011944002CAAD002F128000022FEF7E4
:105E8800D5F878B1C4F5007301193846B34228BF74
:105E980033461A461C4602F0F7FEC8E72B7813F083
:105EA800700F2FD16B784FF0FF3043F002036B7007
:105EB80003B0BDE8F08FC36942699B1A994528BFB2
:105EC800994670E72B69CEE7D06A3A460368DB68E3
:105ED80098470028E6D04FF40074A8E7090705D5CD
:105EE800AB785B0602D52B690133BBE710462969FD
:105EF800524601F0B9F80028D4DBCFD0AA682B6944
:105F0800B1E70026C6EB090003B0BDE8F08F00BF7B
:105F180070B582B00122044646690DF10701056992
:105F2800FFF728FF012866610CBF9DF807004FF0B6
:105F3800FF30256102B070BD436930B5C3F3431526
:105F480083B00446B5FA85F252098A4207D2203353
:105F58004361A068383000EB451003B030BD012222
:105F68000DF10701FFF706FF40B2012803D163696D
:105F78001F336361EDE70020EFE700BF2DE9F04331
:105F880005789BB0002415F0180F8DF820408DF887
:105F980021408DF822408DF844408DF845408DF819
:105FA800464004D0866803468D68AE4203D0002080
:105FB8001BB0BDE8F0831D4690460E46FFF7F8FC7F
:105FC800AE4611AFBEE80F000FC7BEE80F00DEF8FF
:105FD80000E00FC721462846C7F800E0FFF7D8FCC5
:105FE80086460028E3D000686F46DEF80410DEF825
:105FF8000820DEF80C3095F800C00FC70CF0080C2C
:10600800DEF81000DEF81410DEF818200CF0FF0996
:10601800DEF81C300FC7BCF1000F00F09680424636
:10602800314640F6012308A8FFF732FE0028BED00B
:106038000E9A0026BDF824300121AA612846AB80BB
:106048009DF823200B9BEA70EB608DF820608DF89B
:106058002260FFF79DFC0028A9D01AAB9DF80B2001
:1060680053F85B7DC272D3F804E0C0F80D709F68E6
:10607800C0F811E0C0F81570D3F80CE01F8A9B7CBB
:10608800C0F819E0A0F81D70C377002C3BD0AF68AA
:10609800A31E3246BE7907F128007969B340194436
:1060A800FDF7C4FF002882D006466F4656F8200F39
:1060B8007168B268F3680FC730697169B269F369CA
:1060C8000FC72146A86801F081F800283FF46FAF98
:1060D800A96801222B6A8C7901F12800023B4969E1
:1060E800A3401944FDF7A2FF074600283FF45FAF1D
:1060F8006C460FCC38627962BA62FB620FCC3863A7
:106108007963BA63FB6300210222082311A819915D
:106118008DF846208DF8443000F0A0FC00283FF4AC
:1061280046AFAC6804F12800FDF7B0FF00283FF443
:106138003EAF04F50E70FDF7A9FF00283FF437AF16
:10614800206803689B69984732E74B4642463146C8
:1061580008A8FFF739FD00283FF429AF109C67E72E
:106168000378DA061AD5436910B5044633B1837843
:10617800002223F02003026142618370012120463E
:10618800FFF7DAFE60B103786BB1E52BF6D02E2B62
:10619800F4D0C37A1B07F1D4002010BD002070474B
:1061A8006378002BF8D1A3780822204643F0020335
:1061B8002270A370BDE8104000F050BC2DE9F041FA
:1061C800037804460769B3B10D464169A9422CD04A
:1061D80045B98378056123F0200365610120A37028
:1061E800BDE8F08118070AD49A060BD5A3681B8965
:1061F800B5EB431F30D927610020BDE8F081E26983
:106208009542F8D8D4F808E06E1EA2789EF80600E9
:1062180012F0400F00F10900C0B226FA00F607D0CC
:10622800216A13460E442661D5E70120BDE8F081B6
:106238004A1E22FA00F0864210D379B1361A04F1C8
:10624800100806E02169013EA06800F00DFF002853
:10625800D1DD4246002EF5D1A378BCE75B064CBFE2
:10626800DEF82030236A2361E9E700BF2DE9F04119
:106278000D4690460021242204461F469DF81860CA
:1062880005F0B2F9A86808F00F03296A00F138028E
:10629800A060E16002EB4312A4F80480D17A0D07F4
:1062A80011D401F017012170D37A13F0180F02D11D
:1062B80041F00801217007F00303E670012B08D0B4
:1062C800022B2AD023B3002323701846A370BDE8FD
:1062D800F0810223A370217811F0110FF3D159B284
:1062E80007F4806507F008030B43DBB2A370B2F82C
:1062F80014E0518B466B41EA0E41A66185B1D1B9D4
:1063080063F07F03A3707B040ED40120BDE8F08105
:1063180017F48065D7D10121E4E70323A370DAE7F6
:106328002162D369E361EEE7E1692046FFF746FFA2
:106338000028EAD1C7E700F049FF0028C3D0A378B6
:10634800DEE700BF03781BB90B7813F0700F01D19B
:10635800002070472DE9F0474E6982B016F01F07FC
:1063680021D191460D468046BA460DE0A3F1E502DB
:10637800B2FA82F2520982B9C17A11F0080F1DD01F
:106388000F2914D017466E6900212846FFF7D4FD5F
:1063980048B103783BB12E2BE8D10027F3E700F092
:1063A80077F950450CD0002002B0BDE8F0875A06B6
:1063B800E9D503F01F0790F80DA0E4E7002FEED110
:1063C80000974B46C6F34F1229464046FFF74EFF4B
:1063D800EAE700BF03780BB1FFF7EABA012070477C
:1063E80083789B071AD5036AB3B1016910B50446CF
:1063F80082B0F1B9019301621946A06800F0E6FE87
:10640800A8B1A378616963F07F032278E161A37082
:10641800EAB9012002B010BD012070470020704782
:106428006FF070422169A06800F056FE58B900204C
:10643800F0E7002302AA806842F8043D00F014FE49
:106448000028F4DBECD1019B002BDAD0D4E72046FE
:10645800FFF7AEFADEE700BF2DE9F84F8378044670
:106468009D0707D463784FF0FF3043F00103637052
:10647800BDE8F88F90461A070F4600F1D18062698F
:10648800D3439845EED8B8F1000F00F0D0804646C7
:106498004FF0000A4FF0FF393DE0BBF1000F41D14A
:1064A8002169002973D0A3785B0640F19180E369E4
:1064B800934240F28D804B1C0139236190F806E02D
:1064C800436901FA0EF12B441944B6F5007F3CD21A
:1064D800B6F5007F354628BF4FF40075E36993424F
:1064E80002D9A3789B062ED505222830FDF79EFDFC
:1064F8000028B7D05844AB442A46394602F0C4FBBA
:10650800BBF5007F00F084806269761B2F442A4423
:10651800626100F08C80A068C2F3080B457915EA27
:106528005225BAD0236990F806E0991E436901FA0A
:106538000EFEE9187144BBF1000FC6D0CBF500750B
:10654800B54228BF35460122CFE7B6F5806F31D373
:1065580090F804E0730A426BC5EB0E05AB4228BF06
:106568002B468A424FEA432507D303EB010E7245B7
:1065780003D280F828A0C0F83490C06A3A46D0F810
:1065880000E0DEF820B0D8470028BDD16AE7216ACC
:1065980079B32161023982794369B6F5007F01FA3E
:1065A80002F11944D1D2CBF500756269B54228BF12
:1065B800354693E7436B8B4225D0C06A3A46036859
:1065C800DB69984700283FF44DAF4FF400759BE70F
:1065D80004F1100200F048FD0028FFF643AF05D192
:1065E8002046FFF76FF900283FF43CAF2169A06807
:1065F800D0E72046FFF766F900283FF433AF21695A
:10660800A0682162C6E780F828A0C0F83490D4E7D3
:10661800A0682830FDF73AFD00287FF475AF21E720
:10662800C169FFF7CBFD00283FF41CAF27E7E369FA
:10663800934209D30A4B1B6873B1A378404663F0B1
:106648007F03A370BDE8F88FA3784046E26163F04A
:106658007F03A370BDE8F88F4046BDE8F88F00BF00
:106668009C1D002004290BD90A2905D90C290CD80E
:1066780000EB4101C888704700EB410188887047EA
:1066880000EB4101B1F8010070470020704700BFDE
:1066980010B404460020621E0A34430812F8011F91
:1066A80043EAC010944251FA80F0C0B2F5D15DF8C7
:1066B800044B704738B5CB6873B10C4624220021CF
:1066C800054604F091FF102301202B70A870A268E2
:1066D800E368AA602B6238BD8968BDE83840FFF7D7
:1066E80043BB00BF2DE9F04F00238DB091460278DF
:1066F80088468DF80C308DF80D308DF80E30002A54
:106708005AD0B9F10C0F8CBF00240124002C53D1AE
:10671800C3780746002B55D0394603A8FFF7CAFFB0
:10672800002849D0FB78002B46D0012609F1FF3517
:106738000194B98803A8891B4901FFF73FFD002888
:106748003AD0002103A8FFF7F7FB8346A0B3C37A2A
:106758000F2B31D1037803F01F039E422CD1731EF7
:1067680003EB430403EB8404234608EB040A04F117
:106778000D02191B5846C9B2FFF774FF3F2130B309
:106788009D4224D97E2803F1010398BFC1B29342E8
:106798000AF8011BEDD191459DF8043098BF2A46AF
:1067A80008F8023042B19BF800305B0611D401367C
:1067B800FB78F6B2B342BCD2002088F800000DB0D6
:1067C800BDE8F08F00F00CFC0DB0BDE8F08F1A4664
:1067D800E1E71046F3E700BF2DE9F04F0378202BDF
:1067E80003D110F8013F202BFBD0886003782F2BB2
:1067F80000F02281002B00F01F815C2B25D0A3F133
:106808002204E4B21A2C23D9461C0025DFF848E2FA
:1068180003E01A2C2EFA04F722D9A3F13E0401351D
:10682800A3F1200CB046012C2F460ED97C2B0CD09E
:10683800BCF15E0F09D816F8013BA3F122042F2BF7
:10684800E4B212D08BB15C2BE3D10020BDE8F08F0D
:10685800814D25FA04F4E507D6D50020BDE8F08F70
:10686800FC07DAD50020BDE8F08F202B02D02F2BB3
:1068780040F0DF806B1C03441E4613F8014B202CAC
:10688800FAD02F2CF8D01660B5B1074417F8013CA0
:10689800202B01D02E2B0AD16B1EC4181D465BB1CC
:1068A80014F8012D013B2E2AF8D0202AF6D0FF2D0E
:1068B800CBDC2F466C1E02E04FF0FF342F4601F16F
:1068C8000C0301F1170620224F6003F8012FB34291
:1068D800FBD103782E2B02D0202B40F0A680064651
:1068E800002316F8012F01332E2AFAD0202AF8D0D7
:1068F8004FF0000E621C0BD0065D02192E2E04D13B
:1069080006E012F8016D2E2E02D014F1FF34F8D2F1
:106918009D424FF0000940F39C804FF0070C4FF068
:1069280008084E46CA46C25C202A03D02E2A17D130
:106938009C4215D04FF0000E0133AB42F3DB4B7B8A
:10694800202B82D0BEF1000F57D01AEA090F4FF062
:10695800010018BF4FF0020981F80090BDE8F08FE0
:10696800222A07D07C2A05D0A2F12A07052F14D89D
:106978002D2A12D09C421CD0664594BF00220122C9
:10698800A2BB96465F22771C01EB060BFEB28BF882
:106998000D20062ED0D80E73CEE7A2F13A07052FA8
:1069A800E8D9A2F15B07022FE4D9A2F121075D2FF4
:1069B800E0D89C420AD0664508D8A2F16107192F91
:1069C8002CD8203A48EA0909D2B2DCE7BCF10A0F10
:1069D8000FD09C421BD09C420BDB23464FF00A0C85
:1069E80008264FF010084FF0000EA5E7BCF10A0F7B
:1069F800F1D14B7B202B3FF428AF0B7B01207E2469
:106A080031220B4408705C739A73BDE8F08F2346FB
:106A18004FF00A0C08264FF010088DE7A2F1410745
:106A2800192FB0D848EA0A0AADE74FF0010E002343
:106A380060E7C2F8008028E72F2B4FF0000701D04D
:106A4800202B01D13D4615E710604FF0FF343D463D
:106A580035E7CA4673E700BF010100052DE9F0419B
:106A680082788AB0002392078DF804308DF80530BB
:106A78008DF8063022D5016A054621BB012128463A
:106A8800FEF786FFD0B1411E00F10A070024620814
:106A980011F8016F42EAC4138F4256FA83F3DCB24D
:106AA800F5D14FF0E508002380F80080AE682B7020
:106AB80006F12800AB70FDF7E9FA50B90026304618
:106AC8000AB0BDE8F081806800F080FB0028D5D1CD
:106AD800F4E706F50E70FDF7D9FA0028EED0306815
:106AE80003689B69984706460028E7D0EB78002B97
:106AF800E5D0294601A8FFF7DDFD0028DED0EB78B8
:106B0800002BDBD001271FE001A8FFF715FA7B1C3B
:106B18000028D3D0C27A0F2AD0D1027802F01F0100
:106B28008F42DFB2CAD1437BA342C7D180F800802D
:106B3800A96891F8283043F0010381F828305306FA
:106B48000CD4EB78BB42B9D3A98801A8C91B490169
:106B5800FFF734FB00210028D6D1AFE7AC6804F179
:106B68002800FDF793FA0028A8D004F50E70FDF769
:106B78008DFA0028A2D0206803689B6998470028EE
:106B88009CD09CE72DE9F8430E4604464FF00208D6
:106B98004FF07E090F7B01F10D057068B16808EBB5
:106BA80000039BB248B1084411F8012B03EB4313CF
:106BB800884283EA02039BB2F6D1032F28BF03273A
:106BC8003A1DD2B203F00F0102F1FF3E1B09092959
:106BD80001F1370098BF01F13000B1185FFA8EF269
:106BE80048739742EED3F3190021204683F80D909D
:106BF800FFF7E4FA01212046FFF79EF90B2203462E
:106C0800B0B190F800E001462846BEF1000F15D05B
:106C1800DB7A1B07EED404F0B5FC0028EAD108F1B2
:106C280001081FFA88F8B8F1640FB6D1BDE8F883F7
:106C38006078B0FA80F04009BDE8F8830120BDE82B
:106C4800F88300BF2DE9F04F0C788DB014F0700F69
:106C580001D004781CB100200DB0BDE8F08F147885
:106C6800D2F804A0A40748D101274FF000090E4626
:106C7800079302F10D030990494630469346049361
:106C88004C46CDF81890C846CDF80C90CDF8149025
:106C9800FFF794FA756901213046FFF74DF9C5F3FE
:106CA8004F150346002800F0B4800278A2F1E501F0
:106CB800B1FA81F14909002A35D0002933D1BC4203
:106CC80038BF00242E2A2BD051BBD87A0F285DD08C
:106CD800020725D4B8F1000F40F05E8118460B2258
:106CE800049904F04FFC0028D4D19BF80030D80751
:106CF80040F1678101230593CCE70AF10C04B64FF4
:106D0800A7FB0447BF080137FFB2AEE70398013875
:106D1800C0B28242039003D15A7B0698904241D078
:106D28004FF00008B6E7002C08BFA946BC4201D2C4
:106D38000134E4B2002AC5D1079A13469A058AD5C8
:106D480003F00303013B012B85D8002C08BFA9469B
:106D5800BC4203D36AE0DCB2A74267D900213046BF
:106D6800FFF7EAF8631C0028F5D173782BB172E7B6
:106D7800B368E4B21B79012B58D8A74256D93046DC
:106D88001034FEF7B9FD0028F2D164E7B8F1000F1E
:106D9800BCD151067FF57EAF02F01F085A7BCDF8B3
:106DA8000C800692039A013A02EB420502EB850534
:106DB800AA452A46B4D905F10D01CDF820808846A8
:106DC80015E0BCF1190F01F1200098BFC1B2DBF842
:106DD8000800825CA2F1410002F1200C192898BF3A
:106DE8005FFA8CF291429BD1C64572461BD0511B6B
:106DF8001846C9B2FFF736FC924502F1010EC1B23E
:106E080000F0C380FF28A1F1410CDAD94FF0000847
:106E180040E77378002B7FF41EAF079A13469A0554
:106E28007FF519AF8CE7DDF8208033E7059B33B198
:106E380059463046FFF7A6FE00283FF40CAF4FEA4C
:106E480049113046FFF7BAF900283FF404AF013F73
:106E580017F0FF0858D048F0400347460024DBB23B
:106E6800039300213046FFF767F800283FF4F3AE9C
:106E7800D6F808C0B845039B4FF00F099CF828E0E6
:106E880014BF3A461A460BF10C014EF0010E0BF1F5
:106E9800170500238CF828E00473027080F80B9023
:106EA8004FEA530E11F801CF4EEAC313A9425CFA18
:106EB80083F3DBB2F4D102F01F024373011DDBF848
:106EC8000850013A4483002302EB420002EB80029F
:106ED80009E00A2B94BF088048800133013202314F
:106EE800DBB20D2B0CD0924514BF4FF0FF300020C1
:106EF8008CBFA85C80B2042BEBD821F8030CECE71C
:106F0800013F17F0FF07ACD1756900213046FFF744
:106F180013F8C5F34F15044600283FF49CAE202211
:106F2800002104F061FB5B462C4A53F80D0F5968A9
:106F38002060616019899B7A2181A3729BF80030D7
:106F4800176803F018032373002F3ED00DF12B02AE
:106F58000DF12E010BA8B847BDF82C10BDF82E2056
:106F68009DF82B302182E2816373B26892F8283051
:106F780043F0010382F82830CDF800802A46079BA9
:106F880031460998FFF772F966E60028DDF8208097
:106F980018BF4FF000087DE6039A012A7FF45BAE24
:106FA8005C1E0A460A33500814F8011F40EAC21250
:106FB8009C4251FA82F2D2B2F5D1069B93427FF4F9
:106FC8004AAE079B1905D7D545E645F221432382EA
:106FD80023836382C9E700BF4FECC44E9C1D002089
:106FE8002DE9F04103780E464BB113F060040BD045
:106FF8002F22002301200A704B70BDE8F081002386
:1070080018463370BDE8F0812146FEF7C1FC002820
:10701800F5D02146451E4FF0080C4FF02E0815F804
:10702800013F202B10D0082916D0A3F14102671C7C
:10703800192A07D8027B03F1200E1CEA020F18BF99
:107048005FFA8EF33355FCB201310B29E7D10023E7
:1070580020463355BDE8F081621C06F804804FF0E5
:10706800100C2B78D4B2E0E7012932D9C3699942D0
:107078002FD870B5C379164605460C46202B19D073
:10708800102B14D18369C1F30721022200F50E7079
:107098001944FCF7CBFF50B1E1B230F81130EA697E
:1070A800934202D83360012070BD002070BD4FF0BC
:1070B800FF3070BD8169022200F50E7001EBD4111A
:1070C800FCF7B4FF0028F2D004F07F0150F821301B
:1070D800E5E74FF0FF30704701291DD938B5C3697E
:1070E800994206D8C37915460C46202B16D0102B8A
:1070F80001D0002038BD8369C1F3072100F50E7067
:1071080003221944FCF792FF03460028F1D0E1B2AC
:10711800012023F8115038BD0020704781690322EF
:1071280000F50E7001EBD411FCF780FF0346002830
:10713800DFD004F07F01012043F8215038BD00BFA3
:107148002DE9F041C46882B005460F468C4290464E
:107158003AD20C4600260134EB6901AA28469C4223
:10716800214608D95EBBEC68012601AA28460134ED
:107178009C422146F6D8A74221D0FFF775FF002888
:107188001DDBE8D0019B002BE5D106B1EC606FF068
:10719800704221462846FFF79FFF064678B13FB95F
:1071A8006B6A002B01DB013B6B62C8F8004007E00B
:1071B800394622462846FFF78FFF0028F0D10026DF
:1071C800304602B0BDE8F0810126C4E770B5044638
:1071D80082B00D460FE0FFF77FFF6A1EB0B1636A09
:1071E800002B03F10103A8BF6362E3689D42019D80
:1071F80038BFE2605EB101AA29462046FFF734FF96
:10720800061E29464FF000022046E4DA002002B0AC
:1072180070BD00BF2DE9F041446A002C02DB204616
:10722800BDE8F081C379C269202B02F1010806D0BC
:10723800102B04D04FF0FF342046BDE8F0810646FD
:107248008569B8F1000F3DD000F50E770024294676
:10725800022238460135FCF7E9FE0028EAD0F37926
:10726800102B17D0B8F17F0F29D81FFA88F24146A2
:10727800013A031F92B200EB820053F8042F02B9BF
:1072880001348342F9D1B8EB0108E0D17462204699
:10729800BDE8F081B8F1FF0F16D94FF480710B46A5
:1072A8005A1E831E92B200EB420033F8022F02B935
:1072B80001349842F9D1B8EB0108C8D1E6E780213A
:1072C8000A46D5E74446E1E71FFA88F34146E7E76F
:1072D800F8B5002506460F4685638C6BC5638CB1EF
:1072E8000146242000F0BAF8057045700446857000
:1072F800B063BD6B0FCD0FC40FCD0FC42B682360D7
:107308003046F8BDCB6B002BFAD00146382000F090
:10731800A5F880F8314080F83240024680F83340C2
:10732800F063FB6B03F130011F68103353F80C5CFA
:10733800103253F8084C53F8040C8B4242F8107C76
:1073480042F80C5C42F8084C42F8040CECD11B687B
:107358001360D5E710B50446806B28B1FEF772FBC1
:1073680010B10023A36310BDE06B28B1FCF796FEB3
:1073780010B10023E36310BD002010BDC9B32DE98F
:10738800F0410C46054698461746FFF7E3FFD4F848
:107398008064AEB100262946242000F05FF84346F9
:1073A80006703A4646708670A863D4F88014FEF7D3
:1073B800D3FC10B10120BDE8F081A863BDE8F081DD
:1073C800D4F88434BBB12946382000F047F8434646
:1073D80080F831603A4680F8326080F83360E863BC
:1073E800D4F88414FDF732FB0028E3D1E863BDE844
:1073F800F081002070470020BDE8F081F8B50D4607
:1074080017460446FFF7A6FFAE6B8EB1214624202F
:1074180000F024F800213A46017041708170A063A1
:10742800A96BFEF78FFF08B10120F8BDA063F8BD76
:10743800E86B88B12146382000F010F83A4680F809
:10744800316080F8326080F83360E063E96BFDF703
:1074580005FB0028E8D1E063F8BD00BF0846704787
:10746800F8B500254FF47A77064E04468760057113
:1074780005738564C56440F8106BFFF77FFF2046ED
:10748800F8BD00BF44030020034B04481B6B1840A1
:10749800B0FA80F04009704700002C4001000F004E
:1074A800024B586A00F00100704700BF00002C40F2
:1074B800034B586A80F08070C0F30060704700BFCB
:1074C80000002C40014B1878704700BF5420002062
:1074D800034B586A80F40060C0F3C020704700BFB7
:1074E80000002C40034B586A80F48060C0F3802071
:1074F800704700BF00002C40034B04481B6B18402A
:10750800B0FA80F04009704700002C4002007F115B
:10751800014B1878704700BF86120020014B18688D
:10752800704700BF981D002030B4054C0D460FCCA5
:10753800286001206960AA60EB6030BC704700BF1A
:107548006C1D002030B4054C0D460FCC286001207E
:107558006960AA60EB6030BC704700BF7C1D0020EA
:10756800024B01201B680B60704700BF8C1D002078
:10757800704700BFF8B50546074F01F01BFE0646E9
:1075880004E001F017FE801BB84203D8A847044660
:107598000028F6D12046F8BD40420F002DE9F04101
:1075A800DFF8408005460E4FC8F8000001F002FEE3
:1075B800064606E001F0FEFD801BB8420AD803F03B
:1075C800B5FBA84704460028F4D1C8F800002046B7
:1075D800BDE8F08100232046C8F80030BDE8F081FE
:1075E80040420F00941D002010B504460C2103F002
:1075F80021FB204610BD00BF054B1B7833B1054B5E
:107608001B78002B14BF032002207047012070470D
:10761800512000205220002038B5044614480D4659
:10762800FFF7A8FF08BB134BA1029D6007D5996C13
:10763800E2B221F0FF019964996C0A439A6424F03C
:10764800FF040C4D0C48EC60FFF794FF68B92A6BF7
:107658000A4B1A601A682A631A68D20705D51B688C
:1076680013F4702F01D1012038BD002038BD00BFB0
:107678007152000000002C4059520000981D002053
:1076880008B5074B07481968FFF7C6FF30B1064B26
:10769800186980F48070C0F3002008BD012008BD7F
:1076A800901D002000001A0D00002C4008B5044B66
:1076B80004481968FFF7B0FF08B1034B186908BD03
:1076C800901D002000001A0D00002C40054B186882
:1076D80010F0020005D01B6803481840B0FA80F08B
:1076E80040097047981D002000007F11F8B512F07E
:1076F800030418BF0124002B08BF44F0010444B15F
:107708001E4925201E4B40F2F71208701A6000200F
:10771800F8BD06461B481D460F461446FFF73EFFB8
:1077280010BB2B04184A194D4FF0010E1A40184986
:1077380085F800E0174B42F400720860164D1749AF
:107748001C605A609D630B78B3B979023046FFF725
:1077580063FF0028DBD01248FFF720FF0028D6D1AE
:10776800BDE8F840FFF7B2BF04490A20044B4FF4C4
:10777800FD7208701A60CAE73946E7E786120020EA
:10778800681D0020515400000000FF1F54200020F5
:10779800981D002000002C4002007F11522000207C
:1077A80095520000194970B40B7813F0C00311D03A
:1077B800402B02D0002070BC70474B7ACC795A1C01
:1077C800087A04F03F0302EB034303EB002070BC8C
:1077D800800270474D7A8B79CA7905F00305887A5B
:1077E80003F003036D004C7992000E7A45EAD0103D
:1077F80004F00F0142EA8323084443EA961307384A
:10780800013370BC03FA00F0704700BF7C1D0020F4
:10781800037ADB0703D50E4B1B6893B118470D4B52
:107828001B7833B90C4B586A80F08070C0F3006045
:107838007047094B09481B6B1840B0FA80F04009A3
:107848007047074B18780028F2D0FFF719BF00BF20
:10785800941D00205320002000002C4002007F11BE
:107868005020002070B51646427A0D466ABB304A51
:10787800937A03F0400000F0FF0498B12D4B1B7879
:107888000BB96D02760229462B48FFF7C5FE044660
:1078980018BB2A490F202A4B4FF43C7208701A6013
:1078A800204670BD03F03F03D17A721C5B002A4367
:1078B80043EAD1131342E1D020492720204B4FF44B
:1078C8003A72087020461A6070BD03689B69984731
:1078D80004460028CBD1204670BD31461948FFF731
:1078E8009BFE044638B915491020154B40F2F32287
:1078F80008701A60D4E700211348FFF78DFE04468C
:1079080038B90E4911200E4B40F2F62208701A6061
:10791800C6E70E48FFF72EFE0028C1D007492820E9
:10792800074B40F2F922087000241A60B8E700BF3C
:107938007C1D00205220002000001A208612002002
:10794800681D002000001A2100001B265154000069
:1079580010B50E480024FFF70DFE0D490D4A0E4BD9
:107968000C70116B19601968116318B91A680B4B00
:10797800134043B10A491F240A4B40F27E220020DB
:107988000C701A6010BD012010BD00BFC952000064
:107998005320002000002C40981D002000007F117B
:1079A80086120020681D002038B5184C00211848A0
:1079B800A36A23F48033A362FFF72EFE054640B97D
:1079C80014490920144B40F23F2208701A602846D7
:1079D80038BD1248FFF7E2FD70B9636A9B07F6D518
:1079E800616B2846A36AE26A23F4803342F080621E
:1079F800E2626163A36238BD06490A20064B40F281
:107A08004322002508701A60284638BD00002C4023
:107A18000000DB0C86120020681D00208152000047
:107A280070B51E4E0D463378002B31D11C4B5A6A67
:107A3800D10507D49A6A22F480329A629A6A42F48B
:107A480000329A62164C1748A36A43F48033A36243
:107A5800FFF790FD98B920462B1F05F5FE74426A82
:107A68005205FCD503F1400153F8042F99420262F4
:107A7800FAD18C420B46F2D10120307070BD0A4910
:107A880021240A4B4FF47D7200200C701A6070BDDF
:107A9800FFF75EFF0028C9D170BD00BF532000204A
:107AA80000002C40B552000086120020681D0020FE
:107AB80010B514480C46FFF771FDC8B9124B4FF4C6
:107AC800007012499A6A22F480329A6258600B78E0
:107AD80063B961020E48FFF79FFD30B90D490E24C6
:107AE8000D4B4FF48D620C701A6010BD2146F1E702
:107AF80008490A20084B40F25C42087000201A60CE
:107B080010BD00BF5154000000002C40522000203E
:107B180020003A1986120020681D0020F8B5064694
:107B2800007A0C461546C0071F4613D483B10F448C
:107B380001E0BC420CD033682A4621463046DB6956
:107B480005F50075013498470028F2D10020F8BDEA
:107B58000120F8BD900712D0002BF9D00F4401E0A6
:107B6800A742F5D033682A4621463046DB6905F539
:107B78000075013498470028F2D10020F8BD064866
:107B8800FFF7B4FD0028E3D104490E24044B40F26A
:107B98004E420C701A60F8BD27003A198612002070
:107BA800681D002070B5037A1546ADF5007D0E46B8
:107BB800DA0719D5AB0706D029464FF40072684694
:107BC8006D4601F061F82A46314601232148FFF746
:107BD8008DFD30B920490D24204B40F216420C701F
:107BE8001A600DF5007D70BD1D4B04461B78ABB9BE
:107BF800637A022B08D0236820469B69984798B976
:107C080000200DF5007D70BD63689E4216D0236884
:107C180020469B6998470028F2D005E0FFF798FEB8
:107C28000028E5D10020ECE72368314620469B6C0C
:107C380098470028E4D002236660637223682946C7
:107C480020465B6C98470028DAD06368013363608C
:107C5800C7E700BF01003A1886120020681D0020FF
:107C680053200020F8B50646007A0C461546C00792
:107C78001F4613D483B10F4401E0BC420CD03368D3
:107C88002A4621463046DB6805F5007501349847D9
:107C98000028F2D10020F8BD0120F8BD900712D0CD
:107CA800002BF9D00F4401E0A742F5D033682A46EB
:107CB80021463046DB6805F50075013498470028F1
:107CC800F2D10020F8BD0648FFF710FD0028E3D1E7
:107CD80004490C24044B40F28D320C701A60F8BD34
:107CE80037003A1286120020681D002038B5274B4D
:107CF8000D465A6A94050DD49A6A22F480329A6223
:107D080072B69A6A42F400329A629A6A42F48032EF
:107D18009A6262B61E48FFF72DFC00282DD12B1F52
:107D28001A4905F5FE754A6A1005FCD503F14000AD
:107D38000A6A164C43F8042F9842F9D18542034643
:107D4800F1D11448FFF716FC70B9226B124B1A6078
:107D58001A6822631A68920717D51B680F481840DB
:107D6800B0FA80F0400938BD0D491D200D4B40F296
:107D78004B32087000201A6038BD09491A24094B93
:107D88004FF4507200200C701A6038BD00002C406F
:107D9800A1520000C9520000981D002000007F1168
:107DA80086120020681D002010B514480C46FFF705
:107DB800F5FBC8B9124B4FF4007012499A6A42F4A5
:107DC80080329A6258600B7863B961020E48FFF7F7
:107DD80023FC30B90D490C240D4B40F2A9320C702C
:107DE8001A6010BD2146F1E708490A20084B40F205
:107DF8009D32087000201A6010BD00BF5154000069
:107E080000002C405220002030003A128612002038
:107E1800681D002070B5037AADF5007D1546DC07B6
:107E280011D5930720D0012329486A46FFF75EFC45
:107E380000B3694628464FF4007200F025FF012080
:107E48000DF5007D70BD234B04460E461B7833BBF1
:107E5800637A012B19D0236820469B69984720BB79
:107E680000200DF5007D70BD01231948FFF73EFC89
:107E78000028E4D10B201849184B40F25E320870F4
:107E880000201A600DF5007D70BD63689E4215D014
:107E9800236820469B6998470028E1D005E0FFF752
:107EA80057FD0028D4D10020DBE731462046FFF7F4
:107EB8007BFF0028D4D001236660637229462046E0
:107EC800FFF714FF0028CBD0636801336360D9E75C
:107ED80011003A115320002086120020681D00204E
:107EE80070B5144A00250E4645722946936A124811
:107EF80023F480339362FFF78FFB044688B10EB9F1
:107F0800204670BD0D48FFF749FB0028F8D02C46E5
:107F18000B490A200B4B40F2C332087020461A6006
:107F280070BD07490920074B40F2BF320870204650
:107F38001A6070BD00002C400000DB0C815200006C
:107F480086120020681D0020094B1B7810B50446D6
:107F58004BB9637A0BB9012010BD20460121BDE859
:107F68001040FFF7BDBFFFF7F3FC0028F1D110BDAB
:107F780053200020C07D7047407E704710B40468CD
:107F880001232469A4465DF8044B6047807E70474E
:107F9800704700BF10B504461C2102F04BFE204676
:107FA80010BD00BF10B50446043000F06DFB002181
:107FB800A07D00F067FB0123237610BD38B5051DB1
:107FC80004460121807D00F05DFBFF21284600F07A
:107FD80025FC284600F0DAFB0023237638BD00BFD5
:107FE8002DE9F0411F46037D05460E46022B144637
:107FF80022D02B68314628469B6C984718B9287EB2
:10800800A0B9BDE8F08102232E612B75C7B1002607
:1080180001E0B74214D02B682146284601365B6C34
:1080280004F5007498470028F3D1E8E72846FFF7DD
:10803800C5FF0020BDE8F08103698B42D9D1E5E78F
:108048002B696A7D1F442F6112B90120BDE8F081B8
:108058002B6828469B69BDE8F0411847F8B5037DB1
:10806800012B20D0077E0546AFB12E1D08243046CF
:1080780000F0B8FBFF2804F1FF3308D013F0FF0429
:10808800F5D101240FB92B7E43B92046F8BD002451
:10809800002FF8D0F9E7FFF785FFE6E72846FFF756
:1080A8008DFF2046F8BD0020F8BD00BF2DE9F8433C
:1080B8001A4E0446884691463568071DADB205E05C
:1080C80033689BB25B1BB3F5967F11DC384600F032
:1080D80089FBFF286076F3D0FE280CD01823E375BF
:1080E800207E18B12046FFF769FF0020BDE8F8831D
:1080F8001D23E375F4E74A464146384600F07EFB07
:10810800607610B12523E375EAE7384600F06AFB8C
:10811800384600F067FB0120BDE8F88328200020DE
:10812800F8B50A4D0F46061D2C68A4B204E02B686A
:108138009BB21B1BBB4206DC304600F053FBFF28FA
:10814800F5D10120F8BD0020F8BD00BF282000208F
:108158002DE9F04182B0037D05460F460192002BC0
:1081680031D12B7E002B3DD0002F35D12E1D47F06D
:1081780040010DF1040802AC304600F04FFB14F842
:10818800011D304600F04AFBA045F8D1002F3046CB
:108198004FF000040CBF9521872100F03FFB3046CB
:1081A80000F020FB304600F01DFB6876E3B2013496
:1081B800C209092B8CBF002302F00103002BF1D167
:1081C80002B0BDE8F08103689B6998470028C8D1D0
:1081D800FF2002B0BDE8F0814FF496712846FFF702
:1081E8009FFFC3E72846FFF7DDFEBDE7F8B500228D
:1081F8000D463A210646FFF7ABFF68B9371D2C1D1F
:10820800384600F0EFFA04F8010DA542F8D1347EA3
:108218006CB901242046F8BD1223347EF375002C76
:10822800F8D000243046FFF7C9FE2046F8BD304696
:10823800FFF7C4FE2046F8BD38B5154600220446AF
:10824800FFF786FF40B11B23E375207E18B1204657
:10825800FFF7B4FE002038BD294610222046FFF75C
:1082680025FF0028F1D0257E002DF4D02046FFF709
:10827800A5FE284638BD00BF0A460921FFF7DCBF26
:108288000A460A21FFF7D8BF0368244A5B6B93426A
:1082980030B585B02FD16A460921FFF7CDFF38B137
:1082A8009DF8003013F0C00304D0402B26D00020E6
:1082B80005B030BD9DF809409DF806309DF80720AF
:1082C80004F003049DF80A0003F0030364009DF81A
:1082D800051092009DF8085044EAD01001F00F01F3
:1082E80042EA8323084443EA95130738013303FA23
:1082F80000F005B030BD69469847D0E79DF80930D1
:108308009DF807105A1C9DF8080001F03F0302EB86
:10831800034303EB0020800205B030BD4960000034
:1083280003680A4630B51B6C83B0104D0446AB4257
:1083380018D1807E03284FF01201204618BF520240
:10834800FFF706FF58B10C23207EE37508B903B088
:1083580030BD2046FFF732FE002003B030BD0120BB
:1083680003B030BD01919847019AE3E75D5D0000D5
:108378002DE9F0411F46037D06460D46012B1446A4
:1083880019D029463046FFF7CBFF88B10123356164
:108398003375A7B1002501E0AF4210D04FF4007249
:1083A8002146304601351444FFF780FE0028F3D1FA
:1083B8000020BDE8F08103698B42E2D1E9E7336927
:1083C800727D1F44376112B90120BDE8F08133681E
:1083D80030469B69BDE8F041184700BF38B5002218
:1083E8000C210546FFF7B4FE28B109232C7EEB7556
:1083F8005CB9204638BD2C7E14B90124204638BD0E
:108408002846FFF7DBFD204638BD00242846FFF745
:10841800D5FD204638BD00BF027D0021022A017526
:1084280005D0012A01D001207047FFF7D7BF0368A4
:10843800DB6C184703680A4630B51B6C83B0104DD7
:108448000446AB4218D1807E03284FF0190120461C
:1084580018BF5202FFF77CFE58B10E23207EE37549
:1084680008B903B030BD2046FFF7A8FD002003B0CF
:1084780030BD012003B030BD01919847019AE3E770
:108488005D5D00000368F0B55B6B85B0294F04465D
:108498000D461646BB422BD16A460921FFF7CCFE92
:1084A80080B19DF80A305A0614D5A37E032B01D05B
:1084B8006D0276022A4620212046FFF749FED0B1F8
:1084C8002623E375207E18B12046FFF777FD0020AC
:1084D80005B0F0BD03F03F039DF80B10721C5B0064
:1084E8002A4343EAD1131342DFD02723E375E9E790
:1084F80069469847D4E7324621212046FFF728FEEF
:108508000028DDD1024626212046FFF721FE00285B
:10851800D6D142F210712046FFF702FE10B9282387
:10852800E375CFE7257E002DD2D02046FFF746FD24
:108538002846CDE74960000070B54FF4167105462E
:10854800FFF7EEFD064658B91E232C7EEB750CB9D5
:10855800204670BD34462846FFF730FD204670BDE2
:10856800FD21281D00F05AF92C7E14B93446204606
:1085780070BD2846FFF722FDEAE700BF70B5041D6D
:1085880016460546204600F049F94FF40072314678
:10859800204600F04DF92046FF2100F03FF9204623
:1085A800FF2100F03BF9204600F01CF900F01F0302
:1085B8006876052B09D02023287EEB7500B970BD9D
:1085C8002846FFF7FBFC002070BD012070BD00BFEE
:1085D80038B50D464FF416710446FFF7A1FD40B9B2
:1085E8002423E375207E18B12046FFF7E7FC00201E
:1085F80038BD2A46FC212046FFF7C0FF0028F1D0ED
:1086080038BD00BF036870B51B6C82B0154D0446B9
:108618001646AB4222D1807E0328204618BF490265
:108628000A461821FFF794FD48B10D23E375207E13
:1086380018B12046FFF7C2FC002002B070BD3246D8
:10864800FE212046FFF79AFF0028F0D0257E002D56
:10865800F3D02046FFF7B2FC2846EEE70191984791
:108668000199D9E75D5D000010B4447D34B9046810
:108678000123246AA4465DF8044B60475DF8044B67
:10868800FFF7C0BF00F0EEBD0368416830B4DA7C84
:108698008468002A28D072B6DA7CD50706D5334814
:1086A8005A6905682A409A620260DA7C900706D502
:1086B8002F489A6905682A40DA620260DA7C550711
:1086C80006D52C48DA6905682A401A630260DA7C04
:1086D800100706D528481A6A05682A405A630260B6
:1086E800DA7CD2062BD462B69A688A422ED0234A04
:1086F800996092692248C2F30115C2F3826250F868
:1087080025000132B0FBF2F0B9B1B0FBF1F242B191
:10871800B0FBF2F0884288BF0132B2F5817F17D3EF
:10872800184ADA601B680025032001211D61586280
:108738001A641C66196130BC70470246E7E71248A4
:108748005A6A05682A409A630260CCE7DA68E9E762
:10875800022A98BF0022E4D9023A5008010442EAEA
:10876800002201F47F010A43DBE700BF80E100E05B
:1087780084E100E088E100E08CE100E000C00F4007
:10878800E4040020FF7F7F0090E100E00268D37CD2
:10879800E3B1D80703D50E4B916A1960D37C9907CA
:1087A80003D50C4BD16A1960D37C580703D50A4B03
:1087B800116B1960D37C190703D5084B516B1960ED
:1087C800D37CDB0602D5926B054B1A60704700BF5D
:1087D80000E100E004E100E008E100E00CE100E075
:1087E80010E100E00268FF2312685366D36D13F4AA
:1087F800F81FFBD0506FC0B2704700BF70B50C4671
:1088080016460546FF21204602F0EEFE286833464C
:1088180022462146FBF710FA002070BD03681A684B
:108828005166D36D13F4F81FFBD0536F704700BF28
:1088380030B5551EADF5017D1346B5F5007F10D353
:1088480062B10268C818126811F8013B5366D36D0B
:1088580013F4F81FFBD08142536FF5D10DF5017D5C
:1088680030BD14460546684600F00EFA23466A46AF
:1088780069462868FBF7E0F90DF5017D30BD00BFBA
:1088880090F83B2090F83A00101A704790F83A3068
:1088980090F83B209A4205D95A1C034480F83A20A4
:1088A800987E70474FF0FF30704700BF90F83A301D
:1088B80090F83B209A4202D90344987E70474FF0C3
:1088C800FF307047704700BFB0F8603093B190F840
:1088D8005F30202B0BD8C21810B45C1C012380F821
:1088E8005F40184682F83D105DF8044B704701223E
:1088F800002302711846704738B50546B0F8600085
:1089080090B195F85F301446C3F1210294420CD817
:1089180005F13D002246184400F0B6F995F85F309D
:1089280020461C4485F85F4038BD144601222A7150
:10893800EEE700BF2DE9F04F8346404883B0152588
:10894800DBF814A09BF818609BF819300AEB0616A0
:108958003B490AEB0313DFF8ECE0367A0C4693F850
:1089680028303601DFF8E0901B01871950F806809F
:1089780000EB030CC658F8687B68DCF80C700093B1
:108988001D60C8F88400D8F80430DCF804200343DC
:108998000192C8F804301560C6F8847073683B43C8
:1089A80073600968DEF80030A9FB0332920C02EB11
:1089B8008202520023685B1A9A42FBD8204A092592
:1089C800DFF884C09146D8F80830184202D0B3685E
:1089D8001F4231D1C6F888701468DEF80010ACFB6D
:1089E8000131890C01EB810113681B1B9942FBD8EB
:1089F800C6F88470D9F80040DEF80010ACFB0131ED
:108A0800890C01EB810113681B1B9942FBD8013DBE
:108A1800D9D128469BF81830009A0AEB0313DB6873
:108A280013609BF81930019A0AEB031ADAF82C3014
:108A3800136003B0BDE8F08F0120EBE7F8040020D5
:108A4800041000E0C00D002083DE1B430D490269BD
:108A580010B50C6805E0DB0107D40B681B1B102B55
:108A680008D8536913F0007FF5D14FF4FE43012075
:108A7800536110BD0446FFF75DFF0028F9D0226955
:108A8800F3E700BF282000202DE9F04790F85FA009
:108A9800BAF1000F02D10420BDE8F08705460E4662
:108AA800FFF7D4FF0028F6D02E4F00244FF40079AA
:108AB800D7F80080544529691AD8CB6D03F007030D
:108AC800032B09D914E095F83D200133012442F421
:108AD8008062042B0A660BD02A19002CF3D0A24519
:108AE80027D9013392F83D200134042B0A66F3D1CB
:108AF8004B69180522D45A0527D4980404D43A6837
:108B0800C8EB0202322A09D90B694FF4007204201B
:108B180043F440730B610A66BDE8F087544505D9F4
:108B2800CA6D520702D19B0519D4C6B102F0FEF8EE
:108B3800C0E70EB1C1F860900134D9E70B69042091
:108B480043F440730B61BDE8F0870B694FF4007282
:108B5800022043F440730B610A66BDE8F0870020E9
:108B6800BDE8F087282000202DE9F84F0C4615466F
:108B780098468146FFF76AFF10B90420BDE8F88FD0
:108B880000226300002D40F2014A1446DBB23D4E3C
:108B980008BF0125022C43EA0A0AD6F800B089F872
:108BA8003A2089F83B2048D9D9F8103099F83B2069
:108BB8001F2A12D8D96DC1F3024111B90DE0202A3C
:108BC8000BD002F1010E09EB020001395FFA8EF2B7
:108BD80089F83B201F6F8776F1D15A6910054CD46C
:108BE80012F4105F04D13168CBEB0101322912D99C
:108BF8001A694FF4007142F440721A611966DA6D0D
:108C080012F4E02F03D01A6942F400721A6199F83D
:108C18003B00BDE8F88F99F83B10A94209D3022C14
:108C280007D9D96D490704D19205E8D4B8F1000FE6
:108C3800E5D002F07BF8022CB6D8D9F81020D36D15
:108C480003F00703032B0DD8691E4FF4007041F49D
:108C580080714CB9C2F860A0013B0134032B01D8E4
:108C6800022CF6D91346A1E7012C04D0B8F1000F65
:108C7800F2D01066F0E71166EEE71A6942F4407226
:108C88001A61BCE728200020844641EA000313F05B
:108C980003036DD1403A41D351F8043B40F8043BFB
:108CA80051F8043B40F8043B51F8043B40F8043BBE
:108CB80051F8043B40F8043B51F8043B40F8043BAE
:108CC80051F8043B40F8043B51F8043B40F8043B9E
:108CD80051F8043B40F8043B51F8043B40F8043B8E
:108CE80051F8043B40F8043B51F8043B40F8043B7E
:108CF80051F8043B40F8043B51F8043B40F8043B6E
:108D080051F8043B40F8043B51F8043B40F8043B5D
:108D180051F8043B40F8043B403ABDD2303211D3FD
:108D280051F8043B40F8043B51F8043B40F8043B3D
:108D380051F8043B40F8043B51F8043B40F8043B2D
:108D4800103AEDD20C3205D351F8043B40F8043BFD
:108D5800043AF9D2043208D0D2071CBF11F8013BFB
:108D680000F8013B01D30B8803806046704700BFC1
:108D7800082A13D38B078DD010F003038AD0C3F1D0
:108D88000403D21ADB071CBF11F8013B00F8013BB2
:108D980080D331F8023B20F8023B7BE7043AD9D371
:108DA800013A11F8013B00F8013BF9D20B78037046
:108DB8004B7843708B788370604670472A281BD89D
:108DC80014490B784BB1144A936C1B06FCD4134A14
:108DD800936C13F08003FBD10B70114B1B5CFF2BC2
:108DE8000AD01A060AD40C4A114613600B6A0A4ABA
:108DF800D807FBD5506A704700207047074A03F030
:108E08007F03114613600B6A044ADB07FBD5506ADF
:108E1800704700BF5C20002000400C4000800C40E0
:108E280068080020964A974B90422DE9F043964CEB
:108E3800D3F814E09969E6681CD9944B984240F23B
:108E48001581934B40F22765924F0344924C1A0ABE
:108E5800A7FB0232D30903EB830303EB830202F27D
:108E6800E243AB4228BF2B46A3F54873A4FB033566
:108E7800ED0804E0894DA84294BF06250E25814AD5
:108E880006F01F07D2F88030AF4243F0C003C2F8A3
:108E980080300AD27C4B26F01F061A462E43DE602D
:108EA8001368002BFCDA06F01F071EF0007331D19F
:108EB8007B4C7C4AD4F810C014460CEA0202A24249
:108EC8000ABF4FF0C0534FF4805200228EEA0304C9
:108ED80014F0605F08D02EF0605E03F06053694CB8
:108EE80043EA0E0EC4F814E081EA020313F4405F6B
:108EF80008D0644B21F4405111431A469961936C90
:108F08001C07FCD44EF0007E5E4AC2F814E0936C55
:108F18009906FCD40121644C0A4601FB02F300FBCC
:108F280003F3A34209D8072A00F29580013201FB16
:108F380002F300FB03F3A342F5D95C485C4C1844E8
:108F4800A4FB00031B0D6C2B00F28B80352B00F269
:108F58008F80DFF8888136235648DFF844C1564CA5
:108F6800DCF80090B0FBF2F009EA04044445B0FBD9
:108F7800F1F00BD043F400534FF480586446CCF81A
:108F88000080CCF800302368002BFCDADFF8F4C04E
:108F9800013ADCF8103003F00703934207D002F0DF
:108FA80007026446CCF81020A36CDB03FCD401391B
:108FB80089028EEA010313F4E05F0CD0314B2EF4E2
:108FC800E05E01F4E0511A4641EA0E0EC3F814E0DF
:108FD800936C9907FCD4394B39490344DB09A1FB4D
:108FE8000331090B042928BF04214B1E1B028EEAFA
:108FF800030212F4407F07D02EF4407E03F440733E
:10900800204A43EA0E0353611E4B5C691A4624F05A
:1090180000745C61936C9B06FCD42A4B4FF0FF32C2
:10902800294CBD42A3FB00E320604FEA9343274C41
:10903800B2FBF3F3B0FBF1F1254A2160136008D2CB
:10904800114B26F01F061A462E43DE601368002BCC
:10905800FCDABDE8F08304293FF66FAF0131012245
:109068005BE7DFF87C806C231A4876E7122506E771
:109078001948DFF8708000FB03F043EA08086CE742
:1090880000A4781F00C00F40000008400046C3231A
:1090980000BA3CDC23B24C001F85EB5100366E0150
:1090A80000800D4040300080FFB19F26808D5B001E
:1090B800819F5E1600B29F267F3001807FD1F00825
:1090C8009F10E50083DE1B43C00D0020BC0D00206F
:1090D8001420002000643F4D001BB700362000809C
:1090E8006C20008000200080002857D001222DE944
:1090F800F04F85B083462A4C2A4D2B4EDDE9028974
:1091080054E8003F2868336844E800210029F7D173
:10911800264FCDE902893A68D31A254A4FF47A7E58
:10912800019712680127A3FB02234FF47A7298462D
:1091380000238B4208BF42452CBFC246F2460EFBB5
:1091480000AA54E8003F2A68316844E80073002BFD
:10915800F7D101980068411A15484FF47A7E0068E3
:109168000EFB02F2A1FB00014FF47A70CAEB020277
:1091780088460021994208BF40452CBF43467346A4
:109188001A44724507D3BBF1010B0AF57A7AD8D194
:1091980005B0BDE8F08F01F0C9FDD2E7704700BF08
:1091A800C02000202820002024200020041000E0F7
:1091B800142000202DE9F003124A0126124D134C09
:1091C80052E8003F2968206842E80063002BF7D185
:1091D8000F4A16680F4F321A4FF000094FF47A7889
:1091E8003E684FF47A709945A2FB066708BFB845F8
:1091F8003C462CBF3C46044600FB0140BDE8F0035A
:10920800704700BFC0200020282000202420002014
:10921800041000E01420002000010F4B1A181B58FE
:1092280010B4D0685C68044205D059B1C3F8840012
:109238005DF8044B7047936849B9084A5DF8044BD8
:109248001A607047C3F888005DF8044B7047044AF9
:109258005DF8044B1A607047F804002038300100AC
:1092680038F00100362801D8FFF7D6BF704700BF95
:10927800A4484FF00F0CA44B826F42F47F02F0B564
:1092880082670025D0F880204FF470469F4C4FF439
:10929800604E29464FF4806714432A46C0F8804040
:1092A800A3F88C6148F2B826A3F88EC1A3F89051B0
:1092B800B3F8880180B240F0F000A3F8880101EB10
:1092C8004100914B0131002540011C46042903440B
:1092D800A3F804E0DF805A841A865A805A81DE8116
:1092E8005A82DA825A83DA83E9D1B4F888014FF0D6
:1092F8000F0C874B4FF4704680B229464FF46047F5
:109308002A4640EA0C004FF4806EA4F88801B4F8AD
:10931800880180B240F47060A4F88801A3F88C61D9
:1093280048F2B826A3F88EC1A3F89051B3F8880183
:1093380080B240F0F000A3F8880101EB4100744BC3
:109348000131002540011C46042903449F80A3F8ED
:1093580006E05A841A865A805A81DE815A82DA8255
:109368005A83DA83E9D1B4F888014FF00F0C694BBE
:109378004FF4704680B229464FF460472A4640EAC7
:109388000C004FF4806EA4F88801B4F8880180B20C
:1093980040F47060A4F88801A3F88C6148F2B826FC
:1093A800A3F88EC1A3F89051B3F8880180B240F0B9
:1093B800F000A3F8880101EB4100564B013100256C
:1093C80040011C46042903449F80A3F806E05A8400
:1093D8001A865A805A81DE815A82DA825A83DA835F
:1093E800E9D1B4F888014FF00F0C4B4B4FF470479C
:1093F80080B229464FF460462A4640EA0C004FF4F2
:10940800806EA4F88801B4F8880180B240F47060D6
:10941800A4F88801A3F88C7148F2B827A3F88EC184
:10942800A3F89051B3F8880180B240F0F000A3F897
:10943800880101EB4100384B013140011C460429E9
:1094480003449E80A3F806E05A841A865A805A81FB
:10945800DF815A82DA825A83DA83EAD1B4F8883112
:109468000F27002241F201069BB245F6C05E114665
:1094780043F226053B43A4F88831B4F888319BB2FF
:1094880043F47063A4F888315001244B013203443B
:10949800042A99815981DF819E82A3F806E0198008
:1094A80019829D81F0D100220F2741F2010645F66D
:1094B800C055114643F226045001194B01320344AA
:1094C800042A99815981DF819E82DD801980198261
:1094D8009C81F1D100220F2741F2010645F6C055C3
:1094E800114643F2260450010E4B01320344042A6C
:1094F80099815981DF819E82DD80198019829C8142
:10950800F1D1F0BD00C00F4000C03D40000003FC99
:1095180000003E4000403E4000803E4000C01D40EC
:1095280000001E4000401E4072B6EFF30583494D0F
:109538006B60EFF30883484C2E4648484849494A2F
:1095480024680068096812682961AC60E8606A618B
:109558009A69454CAA61DB69444FEB6100F0C8F891
:1095680085ED080A01F082FC0B234FF0FF32686298
:1095780019462B604A40202102F00103013904FBFF
:1095880003F383EA5202F7D1BE4202D056F8041F11
:10959800F0E730498A62BFF34F8F354B354A19607F
:1095A8001A60BFF34F8FBFF36F8F334A0225334CD6
:1095B800D36E334943F440533248D3662560D369A8
:1095C80023F07F0343F04003D3610B6883423ED806
:1095D8002A4A002101202C4E11604FF0FF33C2F8B7
:1095E80008110C46C2F800611546C2F80801074682
:1095F800DFF8C0E0254E26482649274ACEF8003035
:10960800336003600B60136001E000F055F9D5F892
:109618000C211A4B002AF8D00134C5F80C714F2CD4
:10962800F3D91E4A02241E484FF00041C0F84041B9
:109638005163D3F80C2132B91A491B4A0A63D3F88B
:109648000C010028FAD0194B194A1A60FEE7FFF7F7
:10965800E9FBBDE780FF272028ED00E02CED00E0C6
:1096680034ED00E038ED00E02083B8EDA4FF2720BA
:1096780070EF00E0A0FF272000C00F400040084026
:10968800C00D0020803DCD0B009F240084E100E048
:1096980088E100E08CE100E090E100E000900D40FE
:1096A80000002E4000800F40F100AD0B0CED00E0F3
:1096B8000400FA0580E100E0094A08B5136820B102
:1096C80018440849884202D81060184608BD01F0BD
:1096D80063FC0C224FF0FF330260184608BD00BF40
:1096E800440E00200000282030BFFDE7FFF71CBF14
:1096F80012490B68114A5B07FBD513681049C3F37D
:109708000B23104A07EE903A0B6892ED006AB8EE08
:10971800E77A07EE903A0C4AF8EE677A0B4BD2EDEF
:10972800006A77EE677A93ED007AB8EE477A67EECB
:10973800867A87EEA60A37EE400A704780810D4088
:10974800042000200C2000201020002008200020E9
:10975800836BF0B41BB1536843F40043536072B693
:10976800446B5CB31C4B2260D3F8B0410C4215D15A
:109778001A4E376804E03468E41BB4F5166F0BD250
:10978800D3F8404144F48044C3F84041D3F8B85179
:10979800D3F840416404EED50D4003D0426362B66D
:1097A800F0BC70470C4C8260C560D4F8B0311943E6
:1097B800C4F8B011426362B6F0BC7047064D8260CF
:1097C800C460D5F8B0311943C5F8B01102634263DB
:1097D80062B6F0BC704700BF00002E40041000E0E5
:1097E80070B50646006B90B10246002403E012688B
:1097F8000134012A0CD0536813F08003F7D0326388
:109808002CB1B36B05689847013C2846F9D170BD67
:1098180033637363F4E700BFF0B5E1B9214C224923
:109828000020224B01224FF0011580260A601A46BB
:10983800A1604E60E060C3F8BC51D3F8B0411C4D44
:1098480044F001048860C3F8B0412860D2F8B03110
:10985800002BFBD1F0BD0904164B144D0126114C09
:1098680041F0800100221E60596000F5805CE264CE
:1098780000F5005EA36400F54057D5F8B01100F577
:1098880080462A46986041F48031C3F80CC0C3F87A
:1098980010E05F619E61C5F8B011D2F8B031002BBD
:1098A800FBD1BCE700000020A020002000002E40D3
:1098B800641F0020802000202DE9F04FB94C83B0B0
:1098C800D4F8448118F0010FC4F844815ED0D4F86C
:1098D800AC31002B55D04FF0011BDFF8EC92B24EA3
:1098E8002546DA46C4F8AC31B06AF26AD4F8403199
:1098F80043F40053C4F84031D4F840319F04F5D5FF
:10990800D5F8403123F40053C5F84031C5F8B4A167
:10991800D4F8B43113F00113FAD181B240F281675F
:10992800C9F80030B94200F2AD80B1F5D06F80F0CF
:10993800DE81B1F5817F00F0608100F2E880802946
:1099480000F04E81822940F0DA8092B202F07F0165
:10995800072900F2D48089009448954F084401688B
:1099680010063B707B7040F10182CA0301D50123C8
:109978003B7002218E48FFF74FFFD4F8AC31002B23
:10998800B0D1884AD2F8BC31002B49D118F0400F29
:1099980018D0844BD3F8AC111A46C3F8AC11D3F8DD
:1099A800BC11C3F8BC11D2F8B0417E4B002CFAD1DF
:1099B8004FF0FF32C3F8B421D3F8843100F01EFD14
:1099C8007C4B1C6018F0807F03D07B4B1B6803B175
:1099D800984718F0007F03D0784B1B6803B198476D
:1099E80018F0040F08D06F4BD3F8843113F40073C8
:1099F80045D0734B01221A706A4BD3F848211206DE
:109A08000BD518F0800F08D06E490A782AB1013AB0
:109A1800D2B20A70002A00F0428203B0BDE8F08F8B
:109A28006949C2F8BC310868034240F0E281614AE2
:109A380015681D40AAD02F0C0FD05B4E4FF00109BE
:109A480097FAA7F4B4FA84F406EBC41009FA04F4FC
:109A58004030FFF7C5FEA743F2D1ADB2002D95D037
:109A6800514E012795FAA5F4B4FA84F406EBC41014
:109A780007FA04F4FFF7B4FEA543F3D186E7504A8A
:109A88001370B9E742F22107B94234D067D8B1F56B
:109A9800086F00F01E81B1F5106F30D1C0F3074098
:109AA8004A4A4B4910704B4F4B4A0193C5F8C8714D
:109AB800C5F8CC11C5F8D02100F0A2FC474A019B9B
:109AC80080210120B26451601060F364C5F8BCB114
:109AD800D5F8B011936041F48032C5F8B0213A4A04
:109AE8001360D4F8B031002BFBD1D4F8AC31002B83
:109AF8007FF4F8AE45E7110C072900F03B81C4F864
:109B0800C0B1D4F8AC31002B7FF4ECAE39E740F2A9
:109B18000237B94200F0AD80B1F5A06FEFD12F4AFE
:109B280080210127F364B26417605160C5F8BCB1A5
:109B3800D5F8B011936041F48033C5F8B031D4F84A
:109B4800B031002BFBD1030C5B0643F08073C5F8E2
:109B58005431D4F8AC31002B7FF4C4AE11E742F293
:109B68002123994279D042F221339942C7D11B4B24
:109B7800802200210120B36418605A60F164C4F89F
:109B8800BCB1D4F8B021996042F48033C4F8B03144
:109B9800D4F8B031002BFBD1D4F8AC31002B7FF4D2
:109BA800A1AEEEE600002E4000000020C0012E40CD
:109BB800CC1F0020681F00202C200020302000200F
:109BC8006620002067200020641F002065200020F8
:109BD800C80002000200CC000200C800A02000203B
:109BE800B64A0221104613705370FFF715FED4F8D9
:109BF800AC31002B7FF476AEC3E692B202F07F035D
:109C0800072B3FF67CAF12F0800F4FEA8303AC4A74
:109C18004FF000014FF001001A44136814BF23F4F9
:109C2800803323F0010313608022A64BF164B364F0
:109C380018605A60C4F8BCB1D4F8B021996042F4F5
:109C48008033C4F8B031D4F8B031002BFBD1D4F84C
:109C5800AC31002B7FF446AE93E692B2002A86D14F
:109C6800994BC0F30740994A1968994B11601870CD
:109C78007DE792B202F07F03072B3FF640AF12F068
:109C8800800F4FEA83038E4A4FF000014FF0010026
:109C98001A44136814BF43F4803343F0010313607C
:109CA8008022884BF164B36418605A60C4F8BCB170
:109CB800D4F8B021996042F48033C4F8B031D4F8B4
:109CC800B031002BFBD1D4F8AC31002B7FF40AAEB5
:109CD80057E6804A0121794B127818461A70FFF727
:109CE8009BFDD4F8AC31002B7FF4FCAD49E67A4BF0
:109CF800596800293FF403AF000C1FFA82FE04E004
:109D08000C33596800293FF4FAAE1F888742F7D10F
:109D18005F887745F4D1070A032F00F0BA801B89C2
:109D2800120C934228BF1346B0F5007F00F0A280C2
:109D3800B0F5E06F00F08B80684F1A460193384603
:109D4800FEF7A2FF019B27F01F021F44BFF34F8FAE
:109D580063490A6020329742FAD8BFF34F8FBFF3A6
:109D68006F8F5E481946FFF757FD06E6CB077FF56C
:109D780000AEFCE55B4F4FF0010EF3605A495B4BB8
:109D88003860C3F800E05960B3605949D5F8B001AC
:109D98007A6001F5805740EA0E02996001F5005E8D
:109DA80001F5405001F58041C5F8B021DF60C3F8E6
:109DB80010E058619961D4F8B031002BFBD1414AC9
:109DC800012048F28001F36410604FF48030B264DF
:109DD8005160C5F8BCB1D5F8B011936041EA0003F1
:109DE800C5F8B031C9F80000D4F8B031002BFBD168
:109DF800C3E53C4842F22104002605880E60A542CE
:109E080040687FF414AE81B200297FF410AE38495F
:109E1800384C03C90D0C86282060A180A5717FF4F9
:109E280006AE72B63448017841F004010170D2F8E8
:109E38004811080606D441F080018020C2F8440188
:109E4800C2F8481162B62D4A50211170EFE52C482E
:109E58001A46224F90F800E02A492B480193BEF198
:109E6800000F08BF01463846FEF70EFF0722019B88
:109E78007A7068E722481A462349077821480193EF
:109E8800002F08BF01461548FEF7FEFE134F019B41
:109E980059E7120C0B78934228BF134648E7164936
:109EA8000A7802F0FB020A702AB9D3F8482122F096
:109EB8008002C3F8482101F083FD00BFCC1F0020B9
:109EC800C0012E40A020002028200020DC200020F7
:109ED8006420002065200020200900204010202058
:109EE80070EF00E04018002080000700802000206C
:109EF8005C1F0020D4200020602000206720002064
:109F08006620002094210060E0210060002AA0F172
:109F180002022DE9F04714BF00274FF00057022A2C
:109F280001D9BDE8F0874FEAC019DFF840A00D4617
:109F380004460AEB0906002140229846304601F003
:109F480053FB012047EA05414AF80910C6F8388052
:109F5800B060B8F1000FE4D0034BA0401C68204368
:109F68001860BDE8F08700BF681F002000000020CF
:109F7800002AA0F102022DE9F04714BF00274FF094
:109F88000057022A01D9BDE8F0874022C501DFF851
:109F9800449088461544002104461E4609EB050AEC
:109FA800504601F021FB012247EA084149F8051013
:109FB800CAF83860CAF80820002EE4D004F110006E
:109FC800034B8240186802431A60BDE8F08700BF5F
:109FD800681F00200000002012048160C36142F065
:109FE8008002F0B44260012701F5805601F5005562
:109FF80001F5405401F580420760C660056144617F
:10A008008261F0BC704700BF831E022B00D97047E5
:10A01800064B0A4630B400F11004012503EBC010CA
:10A0280005FA04F1403030BCFFF792BB0000002075
:10A03800831E022B00D9704710B4054B01240A4631
:10A0480004FA00F103EBC0105DF8044BFFF780BB86
:10A058000000002040687047124A134BD2F82002D3
:10A0680020F07F40984210B584B002D800EB800001
:10A0780040000E4C01A90A2200F0D0FE01A90023DD
:10A08800204611F8012B01333AB10A2B20F8022F90
:10A09800F7D11623237004B010BD5B00DBB2237028
:10A0A80004B010BD00441F407F9698007012002035
:10A0B800F8B514494FF40037134D034601EB40241B
:10A0C800124E134A05EB4015214617602846328880
:10A0D800FFF782FF318824F01F032144BFF34F8F1D
:10A0E8000C4A136020339942FBD8BFF34F8FBFF35C
:10A0F8006F8F03202946FFF79BFF074B4FF4003271
:10A108001A60F8BDA0102020C01600204A200020A8
:10A118008CE100E05CEF00E00CE100E0244A4368D9
:10A128002DE9F041C3F30E431488C569E41A002CE5
:10A1380038DD2049204A0B781278DBB21F48204EC0
:10A14800934207D010F8038036F81870C7F50072EC
:10A15800944212D9013300221A4F082B26F81540D1
:10A1680027F81520184E94BFDAB213460A703268E1
:10A17800C55414443460BDE8F081144B07EB482003
:10A188002246274403EB45211844FEF77DFD0E4A7D
:10A19800284626F8187013681C441460BDE8F0417E
:10A1A800FFF786BF2846BDE8F041FFF781BF00BF33
:10A1B8004A2000205E2000205F200020F81F002099
:10A1C800D81F0020E81F0020D41F0020A010202046
:10A1D8001E4B1A785AB902F0FF031D4A127832B1A1
:10A1E8002DE9F0411B4D2A8812B9BDE8F08170476E
:10A1F800194EC2F50068194F31784246184C07EBE2
:10A20800411704EBC12438462146FFF7E5FE08EB69
:10A21800040224F01F01BFF34F8F124B1960203145
:10A228008A42FBD8BFF34F8FBFF36F8F04203946A4
:10A23800FFF7EAFE3378084A0133DBB2032B88BF05
:10A248000023137000232B80BDE8F08163200020D9
:10A25800652000204C20002062200020C01700202C
:10A26800A020202070EF00E02DE9F04F85B002908B
:10A278000091002900F0AB800023564DDFF874816F
:10A28800DFF860A1544FDFF870B101930122534BFE
:10A298002A701C78524AB8F8003002EB441923BBE4
:10A2A8001E461C464846FFF7D5FE10F080007ED0BB
:10A2B800BFF34F8F00229AF800304A492A7004B938
:10A2C8003E68002B5AD13B689B1B782B79D89BF8AA
:10A2D8000030002B52D000F029FD0124B8F80030DE
:10A2E8002C70002BDED03D4A14781A46C3F5006066
:10A2F800E402009E3C4920449642084442D30C4460
:10A308000299FEF7C1FC002321464FF4006248463B
:10A31800FFF762FE24F01F0304F50064BFF34F8FBC
:10A32800324A136020339C42FAD8BFF34F8FBFF3F1
:10A338006F8F04204946FFF767FE284B274A1B7892
:10A34800009801332A49DBB2032B88BF002313701E
:10A358000022B8F80030A8F80020C01A0090019830
:10A3680018440190029818440290C1F88420BFF361
:10A378004F8F00232B70009B002B87D1019805B0CD
:10A38800BDE8F08F009C0393019B22460299234469
:10A398000193FEF779FC039B4FF04041144A0020DB
:10A3A8001B1B0090A8F80030C2F88410DFE74FF4B8
:10A3B80000630A4A8AF8000014781A46A8F80030A0
:10A3C80096E7012301980B7005B0BDE8F08F00985F
:10A3D800D5E700BF6320002028200020622000204D
:10A3E800C017002061200020A020202070EF00E08E
:10A3F80000002E404C20002065200020704700BF40
:10A40800314B2DE9F0411B78304F002B54D04FF4DD
:10A418000073DFF8EC803B80A8F800300021802230
:10A428002B480D462B4E01F0DFF82B4C2B4B2946C1
:10A438004FF480722A4825702C461D8001F0D4F80C
:10A4480035602B4675602A46B560F5602549264E6D
:10A458002648DFF8B0E00D70102105700220356045
:10A468007560B560F560CEF80050FFF781FDB8F86B
:10A4780000102A461E4B0320FFF748FD2B4639885B
:10A4880001220420FFF774FD20460134FFF710FE77
:10A49800082CF9D1174B4A2217480021174C0460A1
:10A4A800C3F88410C3F88020D3F8482142F08072A2
:10A4B800C3F84821BDE8F0814023DFF844803B80A1
:10A4C800A8F80030AAE700BF662000204E20002030
:10A4D800C0170020D81F0020622000204C20002038
:10A4E800C01600205E200020E81F00205F2000200A
:10A4F800ED7E000000002E402C200020A17F0000EF
:10A508004A200020D41F0020314B4FF400322DE99F
:10A51800F04F1A6083B02F4B89461C78002953D01E
:10A528002D4BE4B21B789C4250D082460027DFF8BE
:10A53800C0B00134294BC7EB09085046092C0193D8
:10A54800274B28BF00241D5D244B33F815E0254B0D
:10A558000EEB452133F81560234BCEEB0606194464
:10A56800B0453246374419D20EEB452142461944CC
:10A57800FEF78AFB019BDBF80010484633F81520EC
:10A58800C8EB01019044CBF8001023F81580174B55
:10A598004FF400321A6003B0BDE8F08FFEF774FB89
:10A5A800DBF80020E3B22846921BB244CBF8002027
:10A5B800084A1370FFF77CFDB94503D9064B1B7891
:10A5C8009C42B6D13846E2E70846E0E70020DEE7DD
:10A5D8008CE100E05F2000205E200020E81F0020C2
:10A5E800F81F0020D81F0020A01020200CE100E058
:10A5F800D41F00200B4B0C4A1B781278DBB2934215
:10A608000DD0013309480A4A092B0A4928BF0023FB
:10A61800C35C31F8131002EB4323585C70474FF0CA
:10A62800FF3070475F2000205E200020F81F0020C8
:10A63800A0102020E81F0020014B1868704700BFB9
:10A64800D41F00202DE9F84F154E164D34782B787D
:10A65800E4B29C4221D0DFF85490DFF854B0DFF820
:10A668005480114F0134082C5FFA84FA01D9002470
:10A67800A24619F80410DBF8002038F81130084613
:10A6880037F811105B1AD31ACBF80030FFF710FD1A
:10A6980086F800A02B789C42E4D1BDE8F88F00BF73
:10A6A8005F2000205E200020E81F0020F81F002007
:10A6B800D41F0020D81F002000B583B001210DF160
:10A6C8000700FFF721FF20B19DF8070003B05DF8F0
:10A6D80004FB4FF0FF30F9E7094B00B583B01B7856
:10A6E8008DF8070023B903F0FF0003B05DF804FB01
:10A6F80001210DF10700FFF7B7FD03B05DF804FB7A
:10A7080065200020044B1B7803F0FF020BB1FFF714
:10A71800ABBD1046704700BF652000202DE9F04111
:10A728000024DFF8448001230D4D27460D4E88F89C
:10A738000030337828462035A34204F1010405D0BF
:10A74800FFF788FC030658BF07F50067042CF0D113
:10A75800BFF34F8F0023384688F80030BDE8F081FA
:10A76800C017002062200020632000202DE9F84354
:10A77800204B1B7813B1204D2A880AB9BDE8F8830D
:10A78800DFF88880C2F500691C4E4FF0010E98F87A
:10A7980000104A461A4C002306EB4116194F04EBE9
:10A7A800C124304687F800E02146FFF715FC09EB85
:10A7B800040224F01F01BFF34F8F134B196020319F
:10A7C8008A42FBD8BFF34F8FBFF36F8F0420314607
:10A7D800FFF71AFC98F800300C4A0133DBB2032B60
:10A7E80088BF0023137000232B80BFF34F8F3B706B
:10A7F800BDE8F883652000204C200020C017002009
:10A80800A02020206320002070EF00E062200020BC
:10A81800F8B5154B154D1C682E6814B915E0646918
:10A828009CB1237A002BFAD0236820462F681B6836
:10A8380098472B68E188DB1B9B099AB28B42A28060
:10A8480088BFE2806469002CEBD1084B084A1B687A
:10A8580010889B1B074C9B0999B28342218000D921
:10A868001180BFF34F8FF8BDA41D0020041000E035
:10A878003E2000203C200020F0B472B6234F244E26
:10A888003C8806F1700306EB8400984213D256F810
:10A898002410A1B9021D06F17305631CAD1A03EB60
:10A8A800950502E052F8041B49B9AB421C46104614
:10A8B80003F10103F6D162B60020F0BC7047B1FA8B
:10A8C80081F24FF00043D34021EA0301016001B94E
:10A8D8000134104B3C80198801318DB21D8062B65D
:10A8E800801B41F67C730C4C012780100B4E2468AA
:10A8F800C2EB401202EB821292001344E754E018B4
:10A908003388994288BF3580F0BC704740200020CA
:10A91800A81D002038200020A01D00203A2000207B
:10A92800428872B60378012B03D9013B037062B6E3
:10A938007047D1434FF00040521101F01F0130B46D
:10A94800094C20FA01F1094D54F8223028880B43AC
:10A95800824244F8223038BF2A80054A1388013BD6
:10A96800138062B630BC7047A81D0020402000202C
:10A9780038200020C368B3B130B401E0DB688BB184
:10A98800187A9042FAD158685C7A006950F82450D5
:10A99800002DF3D140F82410087801300870DB68E6
:10A9A800002BEDD130BC7047437A8B4206D903693E
:10A9B800002253F8210043F82120704700207047F7
:10A9C800037C23BB4368427A5B7A9A421FD830B42F
:10A9D80072B60468E3682BB3DA6832B119688C423E
:10A9E80016D01346DA68002AF8D1D860002201236D
:10A9F800C260A27A1A44A2720268416813728A7A03
:10AA08001A448A7242681372037462B630BC704783
:10AA18005D6841688D42E4D1198903899942F4D06F
:10AA28001346DFE7E060E1E7037C10B5002B32D086
:10AA38004368427A5B7A9A422DD872B60268D36824
:10AA480043B3984202D129E0984202D0DB68002B38
:10AA5800FAD143680446417A1B6953F8210048B18A
:10AA6800FFF75EFF72B663680021627A1B6943F8DC
:10AA780022102268937A013B937223689A7A02B96A
:10AA88001A726268937A013B937263689A7A1AB170
:10AA98000023237462B610BD1A72F9E7C368D36045
:10AAA800D7E700BF0A4B1A787AB90A4A0A4930B47C
:10AAB800C2F85811094CD0254020012208492570B8
:10AAC800086010461A7030BC70470020704700BFFD
:10AAD8005520002000140020E185000046E400E035
:10AAE80008E100E0F0B472B689B902687AB1037976
:10AAF8000F2B0CD81F4C218841FA03F5ED0708D518
:10AB08001D4D1D44B2EB451F03D162B60EE0194C32
:10AB18002188002341FA03F212F0010208D0013320
:10AB2800102BF7D162B6002203710260F0BC7047A7
:10AB380001259D402943218062B6104EDCB20E49A2
:10AB480040F2824704711944F56F4B0145F0C00586
:10AB58000B49F5670F608C768C770C76CC770360A1
:10AB68001A605A609A60DA601A615A619A61DA6109
:10AB7800F0BC7047482000208074000200C00F40DD
:10AB880000800E4003790F2B10D8094A937672B6CD
:10AB980008490123027903FA02F20B8823EA020327
:10ABA8000B8062B61022002302710360704700BF59
:10ABB80000800E404820002070B5EFF3108172B677
:10ABC8000C4C23688BB10C4E00255A6922607AB16F
:10ABD800956101B962B65D7718469B689847EFF3AF
:10ABE800108172B62368002BEFD101B962B670BD2F
:10ABF8003260EEE7801E00207C1E0020FFF7DCBFDD
:10AC0800044A054B1168054A19601368013313603B
:10AC1800704700BF041000E02420002028200020F6
:10AC280008B5F7F749FBF7F79BFB00F07FF8FAE761
:10AC380000F0E0B900F0E6B9F8B50E4671B17AB1A6
:10AC48000746144600253B68384616F8011B1B6862
:10AC58009847013C0544F6D12846F8BD0846F8BD9A
:10AC68001046F8BD10B5064C82B00368022224884D
:10AC780001A95B68ADF80440984702B010BD00BF59
:10AC880080020020F0B506468BB0002A33D0012A96
:10AC980008BF0A2251B3212500E0FDB26F1EB1FBA7
:10ACA800F2F402FB1411C8B2092900F1370100F1CE
:10ACB800300088BFC8B221460AAC98BFC0B22C4445
:10ACC80004F8240C0029E8D133B1013D0AAB2D2248
:10ACD800EDB22B4403F8242C336801A9C5F12202F4
:10ACE800304629445B6898470BB0F0BD30222125D7
:10ACF8008DF82520E8E70368C9B21B6898470BB0B0
:10AD0800F0BD00BFFFF79EBCFFF774BCFFF7D4BCD3
:10AD1800FFF792BCFFF72ABDFFF700BD08461146B2
:10AD2800FFF7F0BC0846FFF7D7BC00BF2DE9F84392
:10AD3800324E337893B1324F3A787AB90122D90733
:10AD48003A7037D49A0719D400225B073A7005D5B0
:10AD58002C4B1A6812B1EFF305820AB1BDE8F883EB
:10AD6800EFF3108072B61A681AB1274C21780029BF
:10AD78002FD00028F2D162B6BDE8F883DFF89480BE
:10AD880098F80020002ADFD00024DFF88C9005E036
:10AD9800013498F80030E4B2A34213D959F824508A
:10ADA8002B6828461B6998470028F1D06B699B6877
:10ADB8009847EDE7FFF740FCD0B9144B1B781BB957
:10ADC8003378BFE73378BFE7337803F0FE03337097
:10ADD800B8E70126556926701D6065B1A96100B9FB
:10ADE80062B6002593681046557798472570B5E7F1
:10ADF80000F0C4F8E1E7064B1D60F0E78712002079
:10AE08005A200020781E002058200020362200609A
:10AE1800841E002059200020881E0020F0B44E1EF9
:10AE28000025374600E00135B0FBF2F302FB1300C2
:10AE380000F13704092800F13000E4B298BFC4B229
:10AE4800184607F8014F002BEDD14A1953704DB140
:10AE5800013316F8014F1778E81A3770834202F861
:10AE68000149F5DB0846F0BC704700BF0A4B30B417
:10AE7800586A1C46996A626AA36A994208BF904256
:10AE8800104619460CBF01250025002DF3D0D90B1B
:10AE980030BC41EA4240704700400D4008B50368A5
:10AEA8004268BBB17AB1104BA3FB0213DB0803EB7A
:10AEB8004303B2EB830303D0D21A4260F02A02D9CB
:10AEC8000123184608BD00F067F81C220023026021
:10AED800184608BD044BA3FB0213DB0803EB43032E
:10AEE800B2EB8303E8D1E9E7ABAAAAAA70B5044696
:10AEF80000283AD019B1B2FA82F56D09FDB120687F
:10AF080008B1626832B900F047F8162300220360DE
:10AF1800104670BD1849A1FB0231C90801EB410177
:10AF2800B2EB8101EFD1A3680BB100F05DFB002308
:10AF38000122236010466360A360E36070BD1E4673
:10AF4800049B80E80600C360FFF7A8FF02460028BC
:10AF5800DED016B90122104670BD94E80500A6603F
:10AF6800294600F041FB0122D2E700F015F816232C
:10AF780022460360CCE700BFABAAAAAA704700BF6D
:10AF88000B460146184600F001B800BF13460A46B2
:10AF98000146022000F08CBB014B1868704700BFC7
:10AFA8005812002070B50F4E0F4D761BB61018BF03
:10AFB800002405D0013455F8043B9847A642F9D13E
:10AFC8000A4E0B4D761B00F003FDB61018BF002487
:10AFD80006D0013455F8043B9847A642F9D170BD14
:10AFE80070BD00BF08200060082000607C20006061
:10AFF80008200060024B0146186800F00BB800BF3B
:10B0080058120020024B0146186800F0F1BB00BF3F
:10B01800581200202DE9F04F01F10B05162D83B0D1
:10B02800064640F29F8035F0070500F1BF80A9422F
:10B0380000F2BC8000F026FBB5F5FC7FC0F09C82D6
:10B048006B0A00F0BA80042B00F28381A80900F192
:10B05800390E4FEA4E033830C44F07EB8303A3F190
:10B0680008015C68A14207D1ACE0002A80F2AC80FC
:10B07800E468A14200F0A680636823F003035A1B2A
:10B088000F2AF2DDB9493C6901F1080E744500F058
:10B09800B381636823F003035A1B0F2A00F39981D5
:10B0A800002AC1F814E0C1F810E080F29E80B3F5E0
:10B0B800007F80F06781DB0803F1010C01229B10FF
:10B0C80002FA03F34A6851F83C80C4F8088001EB9F
:10B0D800CC091A43A9F10803E3604A6041F83C40EF
:10B0E800C8F80C40831001249C40944200F28A80E6
:10B0F800144206D120F003006400144200F1040059
:10B10800FAD007EBC009CC468046DCF80C108C4519
:10B1180007D173E1002A80F28181C9688C4500F06B
:10B128006D814B6823F003035A1B0F2AF2DD0C468E
:10B13800D1F80CC054F8088F4B1945F001054D6043
:10B1480042F00101C8F80CC03046CCF808807B6199
:10B158003B61C3F80CE0C3F808E059609A5000F06E
:10B1680093FA1FE0102921D800F08CFA1025062345
:10B1780002207E4F07EB8303A3F108025C68944228
:10B1880000F045816368E168A56823F00303234460
:10B1980030465A68E96042F001028D605A6000F05A
:10B1A80073FA0834204603B0BDE8F08F00240C235E
:10B1B8002046336003B0BDE8F08F80234FF0400E87
:10B1C8003F2049E770465DE72344E1685A68A5686F
:10B1D80042F00102E96030468D605A6000F054FA8E
:10B1E8000834204603B0BDE8F08F234430465A683F
:10B1F80042F001025A6000F047FA0834204603B0D2
:10B20800BDE8F08FBC68636823F00308A84504D341
:10B21800C5EB08030F2B00F38C80554BDFF86091CA
:10B228001A68D9F8003001332A4404EB080A00F000
:10B23800608102F580520F3222F47F6222F00F0201
:10B2480011463046019200F021FAB0F1FF3F8346E3
:10B25800019A00F05881824500F2FC80454B19683C
:10B26800DA451144196000F05381D9F80000DFF87D
:10B2780010E101301BBFCAEB0B0A5144CEF800B0F5
:10B2880019601BF0070100F01781C1F10800C1F532
:10B298008051834408315A44C2F30B02C2EB0109BE
:10B2A80049463046019300F0F1F9431C019B00F038
:10B2B8003F81CBEB00024A4442F001021968C7F80B
:10B2C80008B04944BC42CBF804201960DFF8A490C8
:10B2D80016D0B8F10F0F40F2FD806268A8F10C0398
:10B2E80023F00703E01802F001024FF0050E1A439D
:10B2F8000F2B6260C0F804E0C0F808E000F21C817F
:10B308001D4BBC681A68914288BF19601B4B1A68AC
:10B318009142626888BF196022F003029542A2EB4D
:10B32800050301D80F2B04DC304600F0ADF90024EA
:10B3380038E7621943F0010345F0010565603046BE
:10B34800BA60536000F0A0F90834204603B0BDE8A5
:10B35800F08F142B71D9542B00F2A480280B00F124
:10B368006F0E4FEA4E036E3076E600BF480E00209F
:10B37800581F0020281F0020501F0020541F0020A5
:10B38800501200205A0A042A5ED9142A00F2B38007
:10B3980002F15C0149005B3207EB810C57F8211080
:10B3A800DFF8DC81ACF1080C8C4500F088804A6835
:10B3B80022F00302934202D289688C45F7D1D1F872
:10B3C8000CC07A68C4F80CC0A160CCF80840CC6006
:10B3D80088E6631942F0010745F0010565603046CB
:10B3E8004B610B61C3F80CE0C3F808E05F609A504A
:10B3F800083400F049F9D5E64A6873E608F101080F
:10B4080018F0030F0CF1080C7FF47FAE30E0DC6815
:10B41800A34208BF02303FF435AEB3E60B440C46F6
:10B428005A68C96854F8085F42F001025A60304609
:10B43800E9608D6000F028F9B4E603F15C0E03F1D1
:10B448005B004FEA4E0307E69A0902F13901490009
:10B458003832A1E7BC424A4B3FF400AF9C686268AF
:10B4680022F003025AE759F80839994540F08280DA
:10B4780010F0030F00F1FF30F5D17B6823EA0403D5
:10B488007B6064009C423FF6BDAE002C3FF4BAAE30
:10B498001C4240467FF435AE64001C4200F10400B3
:10B4A800FAD02EE6B3F5AA7F18D8E80B00F1780E8B
:10B4B8004FEA4E037730CFE54FF48051EBE6012198
:10B4C800D8F80430921001FA02F21A43C8F804209E
:10B4D800614677E70123CBF8043025E740F2545260
:10B4E800934220D8A80C00F17D0E4FEA4E037C3021
:10B4F800B2E51032A4E6542A26D81A0B02F16F01DD
:10B5080049006E3248E7BC68626822F0030205E72A
:10B51800CAF30B0000287FF4A8AE4244BB6842F08F
:10B5280001025A60ECE6FE234FF07F0E7E2093E581
:10B5380001224FF00009C1E604F10801304600F08D
:10B5480057F9D9F80010DBE6B2F5AA7F05D8DA0B6F
:10B5580002F17801490077321EE740F254518A42DD
:10B5680005D89A0C02F17D0149007C3214E7FE21CE
:10B578007E2211E77B6884E7E808431C5B00F8E556
:10B58800480E0020032A70B426D940EA01039B071D
:10B5980011D004780D78AC4222D10244431C05E056
:10B5A80013F8014B11F8015FAC4219D19342F7D15E
:10B5B800002070BC70470C4603461E682568AE42E2
:10B5C8001846214603F1040304F10404E1D1043AC6
:10B5D800032A18462146F0D8002ADAD11046E8E7AF
:10B5E800601B70BC704700BF70B4840746D0541EFF
:10B5F800002A41D0CDB2034602E0621EE4B31446ED
:10B6080003F8015B9A07F8D1032C2ED9CDB245EA8D
:10B6180005250F2C45EA054519D903F110022646E0
:10B62800103E0F2E42F8105C42F80C5C42F8085CA1
:10B6380042F8045C02F11002F2D8A4F1100222F0E0
:10B648000F0204F00F041032032C13440DD91E46C8
:10B658002246043A032A46F8045BFAD8221F22F04D
:10B6680003020432134404F003042CB1C9B21C448D
:10B6780003F8011BA342FBD170BC70471446034674
:10B68800C2E700BF704700BF704700BF38B5074C1E
:10B698000023054608462360FEF70EF8431C00D039
:10B6A80038BD2368002BFBD02B6038BDE02000207C
:10B6B8002DE9F047254C2568D5F8484106468846C7
:10B6C80092469946C4B360681F2817DC431C76B1BC
:10B6D80004EB80050122C5F888A0D4F888118240BF
:10B6E8001143022EC4F88811C5F808911ED0023003
:10B6F800636044F820800020BDE8F087144B03B352
:10B708004FF4C870FFF776FC0446D0B1D5F848313D
:10B71800002780E88800C5F8484138460123C4F866
:10B728008871C4F88C71002EE1D0D1E7D4F88C115F
:10B738000A43C4F88C21DAE705F5A674C5F8484130
:10B74800C1E74FF0FF30BDE8F08700BFF4040020E8
:10B75800C58D0000F8B5234F0C460646FFF792FF4B
:10B76800BB685D6825F00305291B01F6EF7121F41C
:10B778007F6121F00F01A1F58054B4F5805F07DBEC
:10B7880000213046FFF782FFBB682B44984204D063
:10B798003046FFF779FF0020F8BD61423046FFF7D9
:10B7A80075FF01300DD0104BBA6819682D1B45F094
:10B7B80001053046091B55601960FFF765FF012038
:10B7C800F8BD00213046FFF761FFBA68831A0F2BD6
:10B7D800DEDD064C0449246843F00103001B536076
:10B7E8000860D5E7480E0020281F002050120020CE
:10B7F800002945D02DE9F0410D468046FFF742FF6C
:10B8080055F8047C6A4927F00103A5F10804E218F9
:10B818008E685068B24220F0030062D0FE07506084
:10B828000BD455F8087CE41B01F1080EA568754592
:10B838003B446FD0E768EF60BD6015186D68ED0791
:10B8480042D543F001026260E350B3F5007F18D29D
:10B85800DB085A1C4D6851F83270A76001209B1014
:10B8680000FA03F301EBC2001D430838E0604D60A5
:10B8780041F83240FC604046BDE8F041FFF704BFA4
:10B8880070475A0A042A53D89A0902F139077F00E7
:10B8980002F1380501EB870051F8272044490838A0
:10B8A80090424DD0516821F003018B4202D2926838
:10B8B8009042F7D1D068E060A2608460D4604046CE
:10B8C800BDE8F041FFF7E0BE95683A4FBD4203443A
:10B8D8003FD0D068E86043F0010285606260E350C1
:10B8E800B3E7FF07034407D455F8082CA41A1344F8
:10B8F800A068E268C26090602F4A126843F00100B5
:10B90800934260608C60B6D32C4B40461968FFF7B1
:10B9180021FFB0E711184968C90744D49168D26873
:10B92800CA60034443F0010091606060E350A2E7FD
:10B93800142A17D802F15C077F0002F15B05A9E71A
:10B94800AA104B68012505FA02F213434B60024620
:10B95800B1E743F001024C610C61E560A5606260EB
:10B96800E35088E7542A06D81A0B02F16F077F00C4
:10B9780002F16E058EE7B2F5AA7F06D8DA0B02F15E
:10B9880078077F0002F1770584E740F2545082423D
:10B9980006D89A0C02F17D077F0002F17C0579E751
:10B9A800FE277E2576E743F001026260E35062E7F6
:10B9B800480E0020500E002054120020581F00206E
:10B9C8005FF800F0F51E00605FF800F055160060A3
:10B9D8005FF800F0B91F00605FF800F0491F0060D1
:10B9E8005FF800F0B11600600000000000000000E1
:04B9F800F8B500BFDF
:08B9FC008CF5FF7F0100000043
:10BA04000000000000000000000000000000000032
:10BA14000000000000000000000000000000000022
:10BA24000000000000000000000000000000000012
:10BA34000000000000000000000000000000000002
:10BA440000000000000000000000000000000000F2
:10BA540000000000000000000000000000000000E2
:10BA640000000000000000000000000000000000D2
:10BA740000000000000000000000000000000000C2
:10BA840000000000000000000000000000000000B2
:10BA940000000000000000000000000000000000A2
:10BAA4000000000000000000000000000000000092
:10BAB4000000000000000000000000000000000082
:10BAC4000000000000000000000000000000000072
:10BAD4000000000000000000000000000000000062
:10BAE4000000000000000000000000000000000052
:10BAF4000000000000000000000000000000000042
:10BB04000000000000000000000000000000000031
:10BB14000000000000000000000000000000000021
:10BB24000000000000000000000000000000000011
:10BB34000000000000000000000000000000000001
:10BB440000000000000000000000000000000000F1
:10BB540000000000000000000000000000000000E1
:10BB640000000000000000000000000000000000D1
:10BB740000000000000000000000000000000000C1
:10BB840000000000000000000000000000000000B1
:10BB940000000000000000000000000000000000A1
:10BBA4000000000000000000000000000000000091
:10BBB4000000000000000000000000000000000081
:10BBC4000000000000000000000000000000000071
:10BBD4000000000000000000000000000000000061
:10BBE4000000000000000000000000000000000051
:10BBF4000000000000000000000000000000000041
:10BC04000000000000000000000000000000000030
:10BC14000000000000000000000000000000000020
:10BC24000000000000000000000000000000000010
:10BC34000000000000000000000000000000000000
:10BC440000000000000000000000000000000000F0
:10BC540000000000000000000000000000000000E0
:10BC640000000000000000000000000000000000D0
:10BC740000000000000000000000000000000000C0
:10BC84000D0A000000000000000000003115000053
:10BC94000915000095110000711400001116000030
:10BCA400AD120000091400000000000000000000B4
:10BCB400B974000000000000000000004D0A0000FC
:10BCC4000000000000000000090E00000000000059
:10BCD40000000000F58A0000ED8A0000E98A0000F7
:10BCE400E58A0000E18A0000DD8A0000D98A0000AC
:10BCF400D58A000000000000000000008508000054
:10BD0400E50500005D090000E90500009108000058
:10BD140000000000000000006515000099140000F8
:10BD24009511000049140000C9160000B91500005F
:10BD3400DD14000049180000F518000000000000A0
:10BD440000000000311500000915000095110000E5
:10BD54007114000011160000AD1200000914000057
:10BD64000000000000000000C117000001180000DE
:10BD7400F11300001D1500006D160000951200005F
:10BD8400851400007513000039170000D513000056
:10BD9400B9130000C1110000AD110000E51200004C
:10BDA40021140000E9110000311300009D1100006E
:10BDB400A1110000A5110000A9110000000000005D
:10BDC40000000000B9740000098A00009511000009
:10BDD40099110000B9740000B9740000B97400002E
:10BDE4000000000000000000251A00009D1B000058
:10BDF4004D1B0000A11C0000E91A00003D1C0000BE
:10BE0400E91B0000151D0000191A00001D1A00008E
:10BE1400000000000000000099660000C9660000F0
:10BE24009511000095660000516600005D660000F3
:10BE34007D66000000000000000000004153000087
:10BE4400B9530000E1550000E55B0000355A0000DD
:10BE540075550000195D000075590000ED5800008B
:10BE640035560000E1520000ED520000F952000086
:10BE740015530000315300007D540000C9530000E5
:10BE8400F1570000815800007957000000000000BD
:10BE940000000000615D0000655D00002D5E000093
:10BEA4004D5D00004161000059600000E96100003F
:10BEB40039640000B15D000055620000455D00007A
:10BEC400495D00005160000049600000BD5F000052
:10BED400111A00005D5D0000A1630000056200000E
:10BEE40009630000D8399D270054EA2A00A4781F6A
:10BEF400007B9A179009002000000042C8801F4070
:10BF0400B8821F400800000000000042C4801F40A7
:10BF1400B4821F400400000000C0004224801F407F
:10BF240014821F401000000000C0004228801F40FF
:10BF340018821F402000000000C000422C801F40D7
:10BF44001C821F404000000000C0004234801F409B
:10BF540024821F40000100000040004264811F4011
:10BF640054831F40000400000040004280811F40B1
:10BF740070831F4000000200004000427C811F408B
:10BF84006C831F40000001000040004268811F4094
:10BF940058831F4000080000004000423C811F40BD
:10BFA4002C831F40010000000040004244811F40D8
:10BFB40034831F40040000000040004240811F40C1
:10BFC40030831F40020000000040004248811F40AF
:10BFD40038831F40080000000000004204811F4015
:10BFE400F4821F40000004000000004208811F404A
:10BFF400F8821F40000008000000004218811F4022
:10C0040008831F40000080000000004214811F408C
:10C0140004831F40000040000000004200811F40D4
:10C02400F0821F400000020000000042FC801F401C
:10C03400EC821F40000001000000004224811F40E8
:10C0440014831F40000000040000004228811F40A8
:10C0540018831F4000000008000000421C811F409C
:10C064000C831F40000000010000004220811F409B
:10C0740010831F400000000200000042EC801F40BB
:10C08400DC821F400010000000000042F0801F40CE
:10C09400E0821F40002000000000004234811F4065
:10C0A40024831F40000000400000004238811F40EC
:10C0B40028831F40000000800080004294801F40BD
:10C0C40084821F400000040000C0004290801F4092
:10C0D40080821F400000008000800042A8801F4032
:10C0E40098821F400000800000800042A4801F400E
:10C0F40094821F4000004000004000426C811F40B9
:10C104005C831F400010000000C0004230801F40CC
:10C1140020821F408000000000400042B0811F4088
:10C12400A0831F400000002000400042AC811F405B
:10C134009C831F40000000100040004284811F4087
:10C1440074831F40000004000040004288811F40A7
:10C1540078831F4000000800000000422C811F402B
:10C164001C831F40000000100000004230811F406B
:10C1740020831F4000000020000000420C811F406B
:10C18400FC821F40000010000000004210811F408C
:10C1940000831F400000200000800042C8811F402F
:10C1A400B8831F400080000000800042C4811F400B
:10C1B400B4831F400040000000800042C0811F4043
:10C1C400B0831F400020000000800042BC811F405B
:10C1D400AC831F400010000000800042D0811F404B
:10C1E400C0831F400000020000800042CC811F4039
:10C1F400BC831F400000010000C0004274801F4047
:10C2040064821F400000000100C0004280801F4083
:10C2140070821F400000000800C0004284801F405C
:10C2240074821F400000001000C000426C801F4058
:10C234005C821F400000400000C000427C801F4020
:10C244006C821F400000000400C0004278801F4040
:10C2540068821F400000000200C0004288801F4026
:10C2640078821F400000002007080C0B06050F0011
:10C274000D0E0102838407080C0B06050F000D0E3A
:10C2840001028384FFFFFFFFFFFFFFFFFFFF8182A7
:10C29400090A0000564D4450565F317C315F564DBB
:10C2A4004450560A00000000564D4450525F0000AE
:10C2B400564D4450455F00003A323A003A000000BF
:10C2C4005F564D4450450000564D4450435F0000B6
:10C2D4005F564D44504300004572726F723A2041DC
:10C2E4007474656D707420746F207365742061209C
:10C2F400726561642D6F6E6C79207661726961621A
:10C304006C65206F7220646174612074797065209B
:10C314006E6F7420737570706F727465640D0A00AB
:10C32400000100005C120020120000000006000062
:10C334002C2200600A00000000020000E0210060DE
:10C344004B00000000070000942100604B00000037
:10C3540000030000902100600000000001030904B4
:10C3640078210060000000000203090460210060DD
:10C374000000000003030904701200200000000004
:10C3840000000000000000000000000000000000A9
:10C39400000000007C0C0020E40C00204C0D002068
:10C3A4000000000000000000000000000000000089
:10C3B4000000000000000000000000000000000079
:10C3C4000000000000000000000000000000000069
:10C3D4000000000000000000000000000000000059
:10C3E4000000000000000000000000000000000049
:10C3F4000000000000000000000000000000000039
:10C404000000000000000000000000000000000028
:10C414000000000000000000000000000000000018
:10C424000000000000000000000000000000000008
:10C4340000000000000000000100000000000000F7
:10C444000E33CDAB34126DE6ECDE05000B000000BC
:10C4540000000000000000000000000000000000D8
:10C4640000000000000000000000000000000000C8
:10C4740000000000000000000000000000000000B8
:10C4840000000000000000000000000000000000A8
:10C494000000000000000000000000000000000098
:10C4A4000000000000000000000000000000000088
:10C4B4000000000000000000000000000000000078
:10C4C4000000000000000000000000000000000068
:10C4D4000000000000000000000000000000000058
:10C4E4000000000000000000000000000000000048
:10C4F4000000000000000000000000000000000038
:10C504000000000000000000000000000000000027
:10C514000000000000000000000000000000000017
:10C524000000000000000000000000000000000007
:10C5340000000000000000000000000000000000F7
:10C5440000000000000000000000000000000000E7
:10C5540000000000000000000000000000000000D7
:10C5640000000000000000000000000000000000C7
:10C5740000000000000000000000000000000000B7
:10C5840000000000000000000000000000000000A7
:10C594000000000000000000000000000000000097
:10C5A4000000000000000000000000000000000087
:10C5B4000000000000000000000000000000000077
:10C5C4000000000000000000000000000000000067
:10C5D4000000000000000000000000000000000057
:10C5E4000000000000000000000000000000000047
:10C5F4000000000000000000000000000000000037
:10C604000000000000000000000000000000000026
:10C614000000000000000000000000000000000016
:10C624000000000000000000000000000000000006
:10C6340000000000000000000000000000000000F6
:10C6440000000000000000000000000000000000E6
:10C6540000000000000000000000000000000000D6
:10C6640000000000000000000000000000000000C6
:10C6740000000000000000000000000000000000B6
:10C6840000000000000000000000000000000000A6
:10C694000000000000000000000000000000000096
:10C6A4000000000000000000000000000000000086
:10C6B4000000000000000000000000000000000076
:10C6C4000000000000000000000000000000000066
:10C6D4000000000000000000000000000000000056
:10C6E4000000000000000000000000000000000046
:10C6F4000000000000000000000000000000000036
:10C704000000000000000000000000000000000025
:10C714000000000000000000000000000000000015
:10C724000000000000000000000000000000000005
:10C7340000000000000000000000000000000000F5
:10C7440000000000000000000000000000000000E5
:10C7540000000000000000000000000000000000D5
:10C7640000000000000000000000000000000000C5
:10C7740000000000000000000000000000000000B5
:10C7840000000000000000000000000000000000A5
:10C794000000000000000000000000000000000095
:10C7A4000000000000000000000000000000000085
:10C7B4000000000000000000000000000029DE0767
:10C7C400007B9A17D402002000000000E803000058
:10C7D400000000001804002000000000E80300002E
:10C7E4000000000000003F40142100600000000031
:10C7F4000000000000000000000000000000000035
:10C804000000000000000000000000000000000024
:10C814000000000000000000000000000000000014
:10C824000000000000000000000000000000000004
:10C8340000000000000000000000000000000000F4
:10C8440000000000A04020200000000000000000C4
:10C85400480E0020480E0020500E0020500E0020EC
:10C86400580E0020580E0020600E0020600E00209C
:10C87400680E0020680E0020700E0020700E00204C
:10C88400780E0020780E0020800E0020800E0020FC
:10C89400880E0020880E0020900E0020900E0020AC
:10C8A400980E0020980E0020A00E0020A00E00205C
:10C8B400A80E0020A80E0020B00E0020B00E00200C
:10C8C400B80E0020B80E0020C00E0020C00E0020BC
:10C8D400C80E0020C80E0020D00E0020D00E00206C
:10C8E400D80E0020D80E0020E00E0020E00E00201C
:10C8F400E80E0020E80E0020F00E0020F00E0020CC
:10C90400F80E0020F80E0020000F0020000F002079
:10C91400080F0020080F0020100F0020100F002027
:10C92400180F0020180F0020200F0020200F0020D7
:10C93400280F0020280F0020300F0020300F002087
:10C94400380F0020380F0020400F0020400F002037
:10C95400480F0020480F0020500F0020500F0020E7
:10C96400580F0020580F0020600F0020600F002097
:10C97400680F0020680F0020700F0020700F002047
:10C98400780F0020780F0020800F0020800F0020F7
:10C99400880F0020880F0020900F0020900F0020A7
:10C9A400980F0020980F0020A00F0020A00F002057
:10C9B400A80F0020A80F0020B00F0020B00F002007
:10C9C400B80F0020B80F0020C00F0020C00F0020B7
:10C9D400C80F0020C80F0020D00F0020D00F002067
:10C9E400D80F0020D80F0020E00F0020E00F002017
:10C9F400E80F0020E80F0020F00F0020F00F0020C7
:10CA0400F80F0020F80F0020001000200010002074
:10CA14000810002008100020101000201010002022
:10CA240018100020181000202010002020100020D2
:10CA34002810002028100020301000203010002082
:10CA44003810002038100020401000204010002032
:10CA540048100020481000205010002050100020E2
:10CA64005810002058100020601000206010002092
:10CA74006810002068100020701000207010002042
:10CA840078100020781000208010002080100020F2
:10CA940088100020881000209010002090100020A2
:10CAA4009810002098100020A0100020A010002052
:10CAB400A8100020A8100020B0100020B010002002
:10CAC400B8100020B8100020C0100020C0100020B2
:10CAD400C8100020C8100020D0100020D010002062
:10CAE400D8100020D8100020E0100020E010002012
:10CAF400E8100020E8100020F0100020F0100020C2
:10CB0400F8100020F810002000110020001100206F
:10CB1400081100200811002010110020101100201D
:10CB240018110020181100202011002020110020CD
:10CB3400281100202811002030110020301100207D
:10CB4400381100203811002040110020401100202D
:10CB540048110020481100205011002050110020DD
:10CB6400581100205811002060110020601100208D
:10CB7400681100206811002070110020701100203D
:10CB840078110020781100208011002080110020ED
:10CB9400881100208811002090110020901100209D
:10CBA4009811002098110020A0110020A01100204D
:10CBB400A8110020A8110020B0110020B0110020FD
:10CBC400B8110020B8110020C0110020C0110020AD
:10CBD400C8110020C8110020D0110020D01100205D
:10CBE400D8110020D8110020E0110020E01100200D
:10CBF400E8110020E8110020F0110020F0110020BD
:10CC0400F8110020F811002000120020001200206A
:10CC14000812002008120020101200201012002018
:10CC240018120020181200202012002020120020C8
:10CC34002812002028120020301200203012002078
:10CC44003812002038120020401200204012002028
:10CC5400FFFFFFFF00000200900900201201000204
:10CC6400EF020140C01683048002010203010000A8
:10CC74000C030000000000000000000000000000A1
:10CC84000000000000002901000000000000000076
:10CC94000000000000000000000000000000000090
:10CCA4000000000000000000000000000000000080
:10CCB4000000000000000000000000000000000070
:10CCC4000000000000000000000000000000000060
:10CCD4000000000000000000000000000000000050
:10CCE4000000000000000000000000000000000040
:10CCF4000000000000000000000000000000000030
:10CD0400000000000000000000000000000000001F
:10CD1400000000000000000000000000000000000F
:10CD240000000000000000000000000000000000FF
:10CD340000000000000000000000000000000000EF
:10CD440000000000000000000000000000000000DF
:10CD540000000000000000000000000000000000CF
:10CD640000000000000000000000000000000000BF
:10CD740000000000000000000000000000000000AF
:10CD8400000000000000000000000000000000009F
:10CD9400000000000000000000000000000000008F
:10CDA400000000000000000000000000000000007F
:10CDB400000000000000000000000000000000006F
:10CDC400000000000000000000000000000000005F
:10CDD400000000000000000000000000000000004F
:10CDE400000000000000000000000000000000003F
:10CDF400000000000000000000000000000000002F
:10CE0400000000000000000000000000000000001E
:10CE1400000000000000000000000000000000000E
:10CE240000000000000000000000000000000000FE
:10CE340000000000000000000000000000000000EE
:10CE440000000000000000000000000000000000DE
:10CE540000000000000000000000000000000000CE
:10CE640000000000000000000000000000000000BE
:10CE740000000000000000000000000000000000AE
:10CE8400000000000000000000000000000000009E
:10CE9400000000000000000000000000000000008E
:10CEA400000000000000000000000000000000007E
:10CEB400000000000000000000000000000000006E
:10CEC400000000000000000000000000000000005E
:10CED400000000000000000000000000000000004E
:10CEE400000000000000000000000000000000003E
:10CEF400000000000000000000000000000000002E
:10CF0400000000000000000000000000000000001D
:10CF1400000000000000000000000000000000000D
:10CF240000000000000000000000000000000000FD
:10CF340000000000000000000000000000000000ED
:10CF440000000000000000000000000000000000DD
:10CF540000000000000000000000000000000000CD
:10CF640000000000000000000000000000000000BD
:10CF740000000000000000000000000000000000AD
:10CF8400000000000000000000000000000000009D
:10CF9400000000000000000000000000000000008D
:10CFA400000000000000000000000000000000007D
:10CFB400000000000000000000000000000000006D
:10CFC400000000000000000000000000000000005D
:10CFD400000000000000000000000000000000004D
:10CFE400000000000000000000000000000000003D
:10CFF400000000000000000000000000000000002D
:10D00400000000000000000000000000000000001C
:10D01400000000000000000000000000000000000C
:10D0240000000000000000000000000000000000FC
:10D0340000000000000000000000000000000000EC
:10D0440000000000000000000000000000000000DC
:10D0540000000000000000000000000000000000CC
:10D0640000000000000000000000000000000000BC
:10D0740000000000000000000000000000000000AC
:10D08400000000000000000000000000000000009C
:10D09400000000000000000000000000000000008C
:10D0A400000000000000000000000000000000007C
:10D0B400000000000000000000000000000000006C
:10D0C400FFFFFFFFFFFFFFFFFFFFFFFFFFFFFFFF6C
:10D0D400FFFFFFFFFFFFFFFFFFFFFFFFFFFFFFFF5C
:10D0E400FFFFFFFFFFFFFFFFFFFFFFFFFFFFFFFF4C
:10D0F400FFFFFFFFFFFFFFFFFFFFFFFFFFFFFFFF3C
:10D10400FFFFFFFFFFFFFFFFFFFFFFFFFFFFFFFF2B
:10D11400FFFFFFFFFFFFFFFFFFFFFFFFFFFFFFFF1B
:10D12400FFFFFFFFFFFFFFFFFFFFFFFFFFFFFFFF0B
:10D13400FFFFFFFFFFFFFFFFFFFFFFFFFFFFFFFFFB
:10D14400FFFFFFFFFFFFFFFFFFFFFFFFFFFFFFFFEB
:10D15400FFFFFFFFFFFFFFFFFFFFFFFFFFFFFFFFDB
:10D16400FFFFFFFFFFFFFFFFFFFFFFFFFFFFFFFFCB
:10D17400FFFFFFFFFFFFFFFFFFFFFFFFFFFFFFFFBB
:10D18400FFFFFFFFFFFFFFFFFFFFFFFFFFFFFFFFAB
:10D19400FFFFFFFFFFFFFFFFFFFFFFFFFFFFFFFF9B
:10D1A400FFFFFFFFFFFFFFFFFFFFFFFFFFFFFFFF8B
:10D1B400FFFFFFFFFFFFFFFFFFFFFFFFFFFFFFFF7B
:10D1C400FFFFFFFFFFFFFFFFFFFFFFFFFFFFFFFF6B
:10D1D400FFFFFFFFFFFFFFFFFFFFFFFFFFFFFFFF5B
:10D1E400FFFFFFFFFFFFFFFFFFFFFFFFFFFFFFFF4B
:10D1F400FFFFFFFFFFFFFFFFFFFFFFFFFFFFFFFF3B
:10D20400FFFFFFFFFFFFFFFFFFFFFFFFFFFFFFFF2A
:10D21400FFFFFFFFFFFFFFFFFFFFFFFFFFFFFFFF1A
:10D22400FFFFFFFFFFFFFFFFFFFFFFFFFFFFFFFF0A
:10D23400FFFFFFFFFFFFFFFFFFFFFFFFFFFFFFFFFA
:10D24400FFFFFFFFFFFFFFFFFFFFFFFFFFFFFFFFEA
:10D25400FFFFFFFFFFFFFFFFFFFFFFFFFFFFFFFFDA
:10D26400FFFFFFFFFFFFFFFFFFFFFFFFFFFFFFFFCA
:10D27400FFFFFFFFFFFFFFFFFFFFFFFFFFFFFFFFBA
:10D28400FFFFFFFFFFFFFFFFFFFFFFFFFFFFFFFFAA
:10D29400FFFFFFFFFFFFFFFFFFFFFFFFFFFFFFFF9A
:10D2A400FFFFFFFFFFFFFFFFFFFFFFFFFFFFFFFF8A
:10D2B400FFFFFFFFFFFFFFFFFFFFFFFFFFFFFFFF7A
:10D2C400FFFFFFFFFFFFFFFFFFFFFFFFFFFFFFFF6A
:10D2D400FFFFFFFFFFFFFFFFFFFFFFFFFFFFFFFF5A
:10D2E400FFFFFFFFFFFFFFFFFFFFFFFFFFFFFFFF4A
:10D2F400FFFFFFFFFFFFFFFFFFFFFFFFFFFFFFFF3A
:10D30400FFFFFFFFFFFFFFFFFFFFFFFFFFFFFFFF29
:10D31400FFFFFFFFFFFFFFFFFFFFFFFFFFFFFFFF19
:10D32400FFFFFFFFFFFFFFFFFFFFFFFFFFFFFFFF09
:10D33400FFFFFFFFFFFFFFFFFFFFFFFFFFFFFFFFF9
:10D34400FFFFFFFFFFFFFFFFFFFFFFFFFFFFFFFFE9
:10D35400FFFFFFFFFFFFFFFFFFFFFFFFFFFFFFFFD9
:10D36400FFFFFFFFFFFFFFFFFFFFFFFFFFFFFFFFC9
:10D37400FFFFFFFFFFFFFFFFFFFFFFFFFFFFFFFFB9
:10D38400FFFFFFFFFFFFFFFFFFFFFFFFFFFFFFFFA9
:10D39400FFFFFFFFFFFFFFFFFFFFFFFFFFFFFFFF99
:10D3A400FFFFFFFFFFFFFFFFFFFFFFFFFFFFFFFF89
:10D3B400FFFFFFFFFFFFFFFFFFFFFFFFFFFFFFFF79
:10D3C400FFFFFFFFFFFFFFFFFFFFFFFFFFFFFFFF69
:10D3D400FFFFFFFFFFFFFFFFFFFFFFFFFFFFFFFF59
:10D3E400FFFFFFFFFFFFFFFFFFFFFFFFFFFFFFFF49
:10D3F400FFFFFFFFFFFFFFFFFFFFFFFF0000000035
:10D404000000000000000000000000000000000018
:10D414000000000000000000000000000000000008
:10D4240000000000000000000000000000000000F8
:10D4340000000000000000000000000000000000E8
:10D4440000000000000000000000000000000000D8
:10D4540000000000000000000000000000000000C8
:10D4640000000000000000000000000000000000B8
:10D4740000000000000000000000000000000000A8
:10D484000000000000000000000000000000000098
:10D494000000000000000000000000000000000088
:10D4A4000000000000000000000000000000000078
:10D4B4000000000000000000000000000000000068
:10D4C4000000000000000000000000000000000058
:10D4D4000000000000000000000000000000000048
:10D4E4000000000000000000000000000000000038
:10D4F4000000000000000000000000000000000028
:10D504000000000000000000000000000000000017
:10D514000000000000000000000000000000000007
:10D5240000000000000000000000000000000000F7
:10D5340000000000000000000000000000000000E7
:10D5440000000000000000000000000000000000D7
:10D5540000000000000000000000000000000000C7
:10D5640000000000000000000000000000000000B7
:10D5740000000000000000000000000000000000A7
:10D584000000000000000000000000000000000097
:10D594000000000000000000000000000000000087
:10D5A4000000000000000000000000000000000077
:10D5B4000000000000000000000000000000000067
:10D5C4000000000000000000000000000000000057
:10D5D4000000000000000000000000000000000047
:10D5E4000000000000000000000000000000000037
:10D5F4000000000000000000000000000000000027
:10D604000000000000000000000000000000000016
:10D614000000000000000000000000000000000006
:10D6240000000000000000000000000000000000F6
:10D6340000000000000000000000000000000000E6
:10D6440000000000000000000000000000000000D6
:10D6540000000000000000000000000000000000C6
:10D6640000000000000000000000000000000000B6
:10D6740000000000000000000000000000000000A6
:10D684000000000000000000000000000000000096
:10D694000000000000000000000000000000000086
:10D6A4000000000000000000000000000000000076
:10D6B4000000000000000000000000000000000066
:10D6C4000000000000000000000000000000000056
:10D6D4000000000000000000000000000000000046
:10D6E4000000000000000000000000000000000036
:10D6F4000000000000000000000000000000000026
:10D704000000000000000000000000000000000015
:10D714000000000000000000000000000000000005
:10D7240000000000000000000000000000000000F5
:10D7340000000000000000000000000000000000E5
:10D7440000000000000000000000000000000000D5
:10D7540000000000000000000000000000000000C5
:10D7640000000000000000000000000000000000B5
:10D7740000000000000000000000000000000000A5
:10D784000000000000000000000000000000000095
:10D794000000000000000000000000000000000085
:10D7A4000000000000000000000000000000000075
:10D7B4000000000000000000000000000000000065
:10D7C4000000000000000000000000000000000055
:10D7D4000000000000000000000000000000000045
:10D7E4000000000000000000000000000000000035
:10D7F4000000000000000000000000000000000025
:10D804000000000000000000000000000000000014
:10D814000000000000000000000000000000000004
:10D8240000000000000000000000000000000000F4
:10D8340000000000000000000000000000000000E4
:10D8440000000000000000000000000000000000D4
:10D8540000000000000000000000000000000000C4
:10D8640000000000000000000000000000000000B4
:10D8740000000000000000000000000000000000A4
:10D884000000000000000000000000000000000094
:10D894000000000000000000000000000000000084
:10D8A4000000000000000000000000000000000074
:10D8B4000000000000000000000000000000000064
:10D8C4000000000000000000000000000000000054
:10D8D4000000000000000000000000000000000044
:10D8E4000000000000000000000000000000000034
:10D8F4000000000000000000000000000000000024
:10D904000000000000000000000000000000000013
:10D914000000000000000000000000000000000003
:10D9240000000000000000000000000000000000F3
:10D9340000000000000000000000000000000000E3
:10D9440000000000000000000000000000000000D3
:10D9540000000000000000000000000000000000C3
:10D9640000000000000000000000000000000000B3
:10D9740000000000000000000000000000000000A3
:10D984000000000000000000000000000000000093
:10D994000000000000000000000000000000000083
:10D9A4000000000000000000000000000000000073
:10D9B4000000000000000000000000000000000063
:10D9C4000000000000000000000000000000000053
:10D9D4000000000000000000000000000000000043
:10D9E4000000000000000000000000000000000033
:10D9F4000000000000000000000000000000000023
:10DA04000000000000000000000000000000000012
:10DA14000000000000000000000000000000000002
:10DA240000000000000000000000000000000000F2
:10DA340000000000000000000000000000000000E2
:10DA440000000000000000000000000000000000D2
:10DA540000000000000000000000000000000000C2
:10DA640000000000000000000000000000000000B2
:10DA740000000000000000000000000000000000A2
:10DA84000000000000000000000000000000000092
:10DA94000000000000000000000000000000000082
:10DAA4000000000000000000000000000000000072
:10DAB4000000000000000000000000000000000062
:10DAC4000000000000000000000000000000000052
:10DAD4000000000000000000000000000000000042
:10DAE4000000000000000000000000000000000032
:10DAF4000000000000000000000000000000000022
:10DB04000000000000000000000000000000000011
:10DB14000000000000000000000000000000000001
:10DB240000000000000000000000000000000000F1
:10DB340000000000000000000000000000000000E1
:10DB440000000000000000000000000000000000D1
:10DB540000000000000000000000000000000000C1
:10DB640000000000000000000000000000000000B1
:10DB740000000000000000000000000000000000A1
:10DB84000000000000000000000000000000000091
:10DB94000000000000000000000000000000000081
:10DBA4000000000000000000000000000000000071
:10DBB4000000000000000000000000000000000061
:10DBC4000000000000000000000000000000000051
:10DBD4000000000000000000000000000000000041
:10DBE4000000000000000000000000000000000031
:10DBF4000000000000000000000000000000000021
:10DC04000000000000000000000000000000000010
:10DC14000000000000000000000000000000000000
:10DC240000000000000000000000000000000000F0
:10DC340000000000000000000000000000000000E0
:10DC440000000000000000000000000000000000D0
:10DC540000000000000000000000000000000000C0
:10DC640000000000000000000000000000000000B0
:10DC740000000000000000000000000000000000A0
:10DC84000000000000000000000000000000000090
:10DC94000000000000000000000000000000000080
:10DCA4000000000000000000000000000000000070
:10DCB4000000000000000000000000000000000060
:10DCC4000000000000000000000000000000000050
:10DCD4000000000000000000000000000000000040
:10DCE4000000000000000000000000000000000030
:10DCF4000000000000000000000000000000000020
:10DD0400000000000000000000000000000000000F
:10DD140000000000000000000000000000000000FF
:10DD240000000000000000000000000000000000EF
:10DD340000000000000000000000000000000000DF
:10DD440000000000000000000000000000000000CF
:10DD540000000000000000000000000000000000BF
:10DD640000000000000000000000000000000000AF
:10DD7400000000000000000000000000000000009F
:10DD8400000000000000000000000000000000008F
:10DD9400000000000000000000000000000000007F
:10DDA400000000000000000000000000000000006F
:10DDB400000000000000000000000000000000005F
:10DDC400000000000000000000000000000000004F
:10DDD400000000000000000000000000000000003F
:10DDE400000000000000000000000000000000002F
:10DDF400000000000000000000000000000000001F
:10DE0400000000000000000000000000000000000E
:10DE140000000000000000000000000000000000FE
:10DE240000000000000000000000000000000000EE
:10DE340000000000000000000000000000000000DE
:10DE440000000000000000000000000000000000CE
:10DE540000000000000000000000000000000000BE
:10DE640000000000000000000000000000000000AE
:10DE7400000000000000000000000000000000009E
:10DE8400000000000000000000000000000000008E
:10DE9400000000000000000000000000000000007E
:10DEA400000000000000000000000000000000006E
:10DEB400000000000000000000000000000000005E
:10DEC400000000000000000000000000000000004E
:10DED400000000000000000000000000000000003E
:10DEE400000000000000000000000000000000002E
:10DEF400000000000000000000000000000000001E
:10DF0400000000000000000000000000000000000D
:10DF140000000000000000000000000000000000FD
:10DF240000000000000000000000000000000000ED
:10DF340000000000000000000000000000000000DD
:10DF440000000000000000000000000000000000CD
:10DF540000000000000000000000000000000000BD
:10DF640000000000000000000000000000000000AD
:10DF7400000000000000000000000000000000009D
:10DF8400000000000000000000000000000000008D
:10DF9400000000000000000000000000000000007D
:10DFA400000000000000000000000000000000006D
:10DFB400000000000000000000000000000000005D
:10DFC400000000000000000000000000000000004D
:10DFD400000000000000000000000000000000003D
:10DFE400000000000000000000000000000000002D
:0CDFF40000000000000000000000000021
:040000056000100087
:00000001FF
